Observation id,Subs_A,Early win,Subs_B,Behaviour,Field_Loc,B_Type,Time,Comment
15_Finland_Latvia_Mixed,13,0,14,First half,,START,162.533,
15_Finland_Latvia_Mixed,13,0,14,Time_on_offense_teamA,,START,183.633,
15_Finland_Latvia_Mixed,13,0,14,Pull_pickup,RZ_Def,POINT,184.733,
15_Finland_Latvia_Mixed,13,0,14,Successful_pass,RZ_Def,POINT,186.933,
15_Finland_Latvia_Mixed,13,0,14,Successful_pass,RZ_Def,POINT,188.367,
15_Finland_Latvia_Mixed,13,0,14,Successful_pass,RZ_Def,POINT,189.7,
15_Finland_Latvia_Mixed,13,0,14,Successful_pass,RZ_Def,POINT,190.767,
15_Finland_Latvia_Mixed,13,0,14,Successful_pass,Mid_Def,POINT,192.667,
15_Finland_Latvia_Mixed,13,0,14,Successful_pass,Mid_Def,POINT,194.867,
15_Finland_Latvia_Mixed,13,0,14,Successful_pass,Mid_Def,POINT,199.233,
15_Finland_Latvia_Mixed,13,0,14,Successful_pass,Mid_Def,POINT,202.7,
15_Finland_Latvia_Mixed,13,0,14,Successful_pass,Mid_Def,POINT,204.333,
15_Finland_Latvia_Mixed,13,0,14,Successful_pass,Mid_Def,POINT,206.5,
15_Finland_Latvia_Mixed,13,0,14,Successful_pass,Mid_Off,POINT,212.433,
15_Finland_Latvia_Mixed,13,0,14,Successful_pass,Mid_Off,POINT,216.667,
15_Finland_Latvia_Mixed,13,0,14,Successful_pass,RZ_Off,POINT,221.067,
15_Finland_Latvia_Mixed,13,0,14,Successful_pass,RZ_Off,POINT,224.4,
15_Finland_Latvia_Mixed,13,0,14,Successful_pass,RZ_Off,POINT,226.767,
15_Finland_Latvia_Mixed,13,0,14,Score,,POINT,228.367,
15_Finland_Latvia_Mixed,13,0,14,Time_on_offense_teamA,,STOP,308.3,
15_Finland_Latvia_Mixed,13,0,14,Time_on_offense_teamB,,START,308.3,
15_Finland_Latvia_Mixed,13,0,14,Pull_pickup,RZ_Def,POINT,311.133,
15_Finland_Latvia_Mixed,13,0,14,Successful_pass,RZ_Def,POINT,319.033,
15_Finland_Latvia_Mixed,13,0,14,Successful_pass,Mid_Def,POINT,322.667,
15_Finland_Latvia_Mixed,13,0,14,Successful_pass,Mid_Def,POINT,328.533,
15_Finland_Latvia_Mixed,13,0,14,Unforced_turnover,RZ_Off,POINT,340.033,
15_Finland_Latvia_Mixed,13,0,14,Time_on_offense_teamA,,START,341.433,
15_Finland_Latvia_Mixed,13,0,14,Time_on_offense_teamB,,STOP,341.433,
15_Finland_Latvia_Mixed,13,0,14,Successful_pass,Mid_Def,POINT,354.967,
15_Finland_Latvia_Mixed,13,0,14,Successful_pass,Mid_Def,POINT,358.733,
15_Finland_Latvia_Mixed,13,0,14,Successful_pass,Mid_Def,POINT,360.867,
15_Finland_Latvia_Mixed,13,0,14,Successful_pass,Mid_Def,POINT,363.433,
15_Finland_Latvia_Mixed,13,0,14,Score,,POINT,368.7,
15_Finland_Latvia_Mixed,13,0,14,Time_on_offense_teamA,,STOP,451.167,
15_Finland_Latvia_Mixed,13,0,14,Time_on_offense_teamB,,START,451.167,
15_Finland_Latvia_Mixed,13,0,14,Pull_pickup,Mid_Def,POINT,466.967,
15_Finland_Latvia_Mixed,13,0,14,Successful_pass,RZ_Def,POINT,471.833,
15_Finland_Latvia_Mixed,13,0,14,Successful_pass,RZ_Def,POINT,478.267,
15_Finland_Latvia_Mixed,13,0,14,Successful_pass,RZ_Def,POINT,480.933,
15_Finland_Latvia_Mixed,13,0,14,Successful_pass,RZ_Def,POINT,485.633,
15_Finland_Latvia_Mixed,13,0,14,Successful_pass,Mid_Def,POINT,488.567,
15_Finland_Latvia_Mixed,13,0,14,Successful_pass,Mid_Def,POINT,493.233,
15_Finland_Latvia_Mixed,13,0,14,Successful_pass,Mid_Def,POINT,494.433,
15_Finland_Latvia_Mixed,13,0,14,Successful_pass,Mid_Off,POINT,496.433,
15_Finland_Latvia_Mixed,13,0,14,Unforced_turnover,RZ_Off,POINT,502.033,
15_Finland_Latvia_Mixed,13,0,14,Time_on_offense_teamA,,START,504.267,
15_Finland_Latvia_Mixed,13,0,14,Time_on_offense_teamB,,STOP,504.267,
15_Finland_Latvia_Mixed,13,0,14,Unforced_turnover,Mid_Def,POINT,521.567,
15_Finland_Latvia_Mixed,13,0,14,Time_on_offense_teamA,,STOP,522.733,
15_Finland_Latvia_Mixed,13,0,14,Time_on_offense_teamB,,START,522.733,
15_Finland_Latvia_Mixed,13,0,14,Successful_pass,RZ_Off,POINT,540.9,
15_Finland_Latvia_Mixed,13,0,14,Successful_pass,RZ_Off,POINT,542.7,
15_Finland_Latvia_Mixed,13,0,14,Successful_pass,RZ_Off,POINT,545.767,
15_Finland_Latvia_Mixed,13,0,14,Successful_pass,RZ_Off,POINT,553.167,
15_Finland_Latvia_Mixed,13,0,14,Successful_pass,RZ_Off,POINT,557.067,
15_Finland_Latvia_Mixed,13,0,14,Forced_turnover,EZ_Off,POINT,560.033,
15_Finland_Latvia_Mixed,13,0,14,Time_on_offense_teamA,,START,561.133,
15_Finland_Latvia_Mixed,13,0,14,Time_on_offense_teamB,,STOP,561.133,
15_Finland_Latvia_Mixed,13,0,14,Unforced_turnover,RZ_Def,POINT,587.333,
15_Finland_Latvia_Mixed,13,0,14,Time_on_offense_teamA,,STOP,588.533,
15_Finland_Latvia_Mixed,13,0,14,Time_on_offense_teamB,,START,588.533,
15_Finland_Latvia_Mixed,13,0,14,Score,,POINT,597.3,
15_Finland_Latvia_Mixed,13,0,14,Time_on_offense_teamA,,START,669.367,
15_Finland_Latvia_Mixed,13,0,14,Time_on_offense_teamB,,STOP,669.367,
15_Finland_Latvia_Mixed,13,0,14,Pull_pickup,RZ_Def,POINT,670.567,
15_Finland_Latvia_Mixed,13,0,14,Successful_pass,RZ_Def,POINT,671.433,
15_Finland_Latvia_Mixed,13,0,14,Successful_pass,RZ_Def,POINT,672.7,
15_Finland_Latvia_Mixed,13,0,14,Successful_pass,RZ_Def,POINT,674.7,
15_Finland_Latvia_Mixed,13,0,14,Successful_pass,RZ_Def,POINT,679.333,
15_Finland_Latvia_Mixed,13,0,14,Successful_pass,Mid_Def,POINT,680.4,
15_Finland_Latvia_Mixed,13,0,14,Successful_pass,RZ_Def,POINT,685.367,
15_Finland_Latvia_Mixed,13,0,14,Successful_pass,RZ_Def,POINT,686.733,
15_Finland_Latvia_Mixed,13,0,14,Successful_pass,RZ_Def,POINT,689.9,
15_Finland_Latvia_Mixed,13,0,14,Successful_pass,RZ_Def,POINT,694.8,
15_Finland_Latvia_Mixed,13,0,14,Successful_pass,Mid_Def,POINT,702.267,
15_Finland_Latvia_Mixed,13,0,14,Successful_pass,Mid_Def,POINT,705.333,
15_Finland_Latvia_Mixed,13,0,14,Successful_pass,Mid_Def,POINT,707.6,
15_Finland_Latvia_Mixed,13,0,14,Successful_pass,Mid_Def,POINT,709.467,
15_Finland_Latvia_Mixed,13,0,14,Successful_pass,Mid_Def,POINT,711.4,
15_Finland_Latvia_Mixed,13,0,14,Successful_pass,Mid_Def,POINT,719.933,
15_Finland_Latvia_Mixed,13,0,14,Successful_pass,Mid_Def,POINT,723.7,
15_Finland_Latvia_Mixed,13,0,14,Unforced_turnover,Mid_Def,POINT,730.4,
15_Finland_Latvia_Mixed,13,0,14,Time_on_offense_teamA,,STOP,730.8,
15_Finland_Latvia_Mixed,13,0,14,Time_on_offense_teamB,,START,730.8,
15_Finland_Latvia_Mixed,13,0,14,Successful_pass,Mid_Off,POINT,741.667,
15_Finland_Latvia_Mixed,13,0,14,Forced_turnover,EZ_Off,POINT,745.667,
15_Finland_Latvia_Mixed,13,0,14,Time_on_offense_teamA,,START,746.8,
15_Finland_Latvia_Mixed,13,0,14,Time_on_offense_teamB,,STOP,746.8,
15_Finland_Latvia_Mixed,13,0,14,Successful_pass,RZ_Def,POINT,773.833,
15_Finland_Latvia_Mixed,13,0,14,Successful_pass,RZ_Def,POINT,784.0,
15_Finland_Latvia_Mixed,13,0,14,Successful_pass,RZ_Def,POINT,787.433,
15_Finland_Latvia_Mixed,13,0,14,Successful_pass,RZ_Def,POINT,795.8,
15_Finland_Latvia_Mixed,13,0,14,Successful_pass,RZ_Def,POINT,801.1,
15_Finland_Latvia_Mixed,13,0,14,Successful_pass,Mid_Def,POINT,808.467,
15_Finland_Latvia_Mixed,13,0,14,Successful_pass,Mid_Off,POINT,812.233,
15_Finland_Latvia_Mixed,13,0,14,Successful_pass,Mid_Off,POINT,814.7,
15_Finland_Latvia_Mixed,13,0,14,Successful_pass,RZ_Off,POINT,816.767,
15_Finland_Latvia_Mixed,13,0,14,Successful_pass,RZ_Off,POINT,819.2,
15_Finland_Latvia_Mixed,13,0,14,Score,,POINT,822.6,
15_Finland_Latvia_Mixed,13,0,14,Time_on_offense_teamA,,STOP,897.3,
15_Finland_Latvia_Mixed,13,0,14,Time_on_offense_teamB,,START,897.3,
15_Finland_Latvia_Mixed,13,0,14,Pull_pickup,RZ_Def,POINT,897.767,
15_Finland_Latvia_Mixed,13,0,14,Successful_pass,RZ_Def,POINT,899.267,
15_Finland_Latvia_Mixed,13,0,14,Successful_pass,Mid_Def,POINT,906.533,
15_Finland_Latvia_Mixed,13,0,14,Successful_pass,RZ_Def,POINT,910.7,
15_Finland_Latvia_Mixed,13,0,14,Successful_pass,Mid_Def,POINT,912.167,
15_Finland_Latvia_Mixed,13,0,14,Successful_pass,Mid_Def,POINT,919.3,
15_Finland_Latvia_Mixed,13,0,14,Successful_pass,RZ_Def,POINT,925.267,
15_Finland_Latvia_Mixed,13,0,14,Successful_pass,Mid_Def,POINT,927.033,
15_Finland_Latvia_Mixed,13,0,14,Successful_pass,Mid_Def,POINT,934.4,
15_Finland_Latvia_Mixed,13,0,14,Successful_pass,Mid_Def,POINT,937.133,
15_Finland_Latvia_Mixed,13,0,14,Successful_pass,Mid_Off,POINT,941.867,
15_Finland_Latvia_Mixed,13,0,14,Successful_pass,RZ_Off,POINT,947.0,
15_Finland_Latvia_Mixed,13,0,14,Successful_pass,RZ_Off,POINT,953.467,
15_Finland_Latvia_Mixed,13,0,14,Successful_pass,RZ_Off,POINT,959.567,
15_Finland_Latvia_Mixed,13,0,14,Successful_pass,RZ_Off,POINT,965.233,
15_Finland_Latvia_Mixed,13,0,14,Successful_pass,RZ_Off,POINT,969.033,
15_Finland_Latvia_Mixed,13,0,14,Score,,POINT,979.367,
15_Finland_Latvia_Mixed,13,0,14,Time_on_offense_teamA,,START,1056.133,
15_Finland_Latvia_Mixed,13,0,14,Time_on_offense_teamB,,STOP,1056.133,
15_Finland_Latvia_Mixed,13,0,14,Pull_pickup,Mid_Def,POINT,1056.733,
15_Finland_Latvia_Mixed,13,0,14,Successful_pass,Mid_Def,POINT,1057.467,
15_Finland_Latvia_Mixed,13,0,14,Successful_pass,RZ_Def,POINT,1059.867,
15_Finland_Latvia_Mixed,13,0,14,Successful_pass,Mid_Def,POINT,1062.967,
15_Finland_Latvia_Mixed,13,0,14,Successful_pass,Mid_Def,POINT,1067.0,
15_Finland_Latvia_Mixed,13,0,14,Successful_pass,RZ_Def,POINT,1070.1,
15_Finland_Latvia_Mixed,13,0,14,Successful_pass,RZ_Def,POINT,1073.2,
15_Finland_Latvia_Mixed,13,0,14,Successful_pass,Mid_Def,POINT,1077.767,
15_Finland_Latvia_Mixed,13,0,14,Successful_pass,Mid_Off,POINT,1082.233,
15_Finland_Latvia_Mixed,13,0,14,Successful_pass,RZ_Off,POINT,1083.567,
15_Finland_Latvia_Mixed,13,0,14,Successful_pass,RZ_Off,POINT,1089.533,
15_Finland_Latvia_Mixed,13,0,14,Successful_pass,RZ_Off,POINT,1094.533,
15_Finland_Latvia_Mixed,13,0,14,Score,,POINT,1101.7,
15_Finland_Latvia_Mixed,13,0,14,Time_on_offense_teamA,,STOP,1191.967,
15_Finland_Latvia_Mixed,13,0,14,Time_on_offense_teamB,,START,1191.967,
15_Finland_Latvia_Mixed,13,0,14,Pull_pickup,Mid_Def,POINT,1201.833,
15_Finland_Latvia_Mixed,13,0,14,Successful_pass,Mid_Off,POINT,1206.233,
15_Finland_Latvia_Mixed,13,0,14,Unforced_turnover,EZ_Off,POINT,1212.6,
15_Finland_Latvia_Mixed,13,0,14,Time_on_offense_teamA,,START,1214.167,
15_Finland_Latvia_Mixed,13,0,14,Time_on_offense_teamB,,STOP,1214.167,
15_Finland_Latvia_Mixed,13,0,14,Successful_pass,RZ_Def,POINT,1264.233,
15_Finland_Latvia_Mixed,13,0,14,Successful_pass,Mid_Def,POINT,1266.7,
15_Finland_Latvia_Mixed,13,0,14,Successful_pass,RZ_Def,POINT,1273.567,
15_Finland_Latvia_Mixed,13,0,14,Successful_pass,Mid_Def,POINT,1277.933,
15_Finland_Latvia_Mixed,13,0,14,Forced_turnover,RZ_Off,POINT,1328.733,
15_Finland_Latvia_Mixed,13,0,14,Time_on_offense_teamA,,STOP,1329.933,
15_Finland_Latvia_Mixed,13,0,14,Time_on_offense_teamB,,START,1329.933,
15_Finland_Latvia_Mixed,13,0,14,Successful_pass,Mid_Def,POINT,1330.267,
15_Finland_Latvia_Mixed,13,0,14,Successful_pass,Mid_Def,POINT,1331.967,
15_Finland_Latvia_Mixed,13,0,14,Unforced_turnover,EZ_Off,POINT,1339.3,
15_Finland_Latvia_Mixed,13,0,14,Time_on_offense_teamA,,START,1339.733,
15_Finland_Latvia_Mixed,13,0,14,Time_on_offense_teamB,,STOP,1339.733,
15_Finland_Latvia_Mixed,13,0,14,Successful_pass,EZ_Def,POINT,1388.433,
15_Finland_Latvia_Mixed,13,0,14,Successful_pass,RZ_Def,POINT,1395.233,
15_Finland_Latvia_Mixed,13,0,14,Successful_pass,RZ_Off,POINT,1402.067,
15_Finland_Latvia_Mixed,13,0,14,Score,,POINT,1406.433,
15_Finland_Latvia_Mixed,13,0,14,Time_on_offense_teamA,,STOP,1492.6,
15_Finland_Latvia_Mixed,13,0,14,Time_on_offense_teamB,,START,1492.6,
15_Finland_Latvia_Mixed,13,0,14,Pull_pickup,EZ_Def,POINT,1493.2,
15_Finland_Latvia_Mixed,13,0,14,Successful_pass,RZ_Def,POINT,1495.4,
15_Finland_Latvia_Mixed,13,0,14,Successful_pass,RZ_Def,POINT,1505.467,
15_Finland_Latvia_Mixed,13,0,14,Successful_pass,RZ_Def,POINT,1512.467,
15_Finland_Latvia_Mixed,13,0,14,Successful_pass,Mid_Def,POINT,1514.5,
15_Finland_Latvia_Mixed,13,0,14,Successful_pass,RZ_Def,POINT,1520.267,
15_Finland_Latvia_Mixed,13,0,14,Successful_pass,Mid_Def,POINT,1523.333,
15_Finland_Latvia_Mixed,13,0,14,Successful_pass,Mid_Def,POINT,1526.7,
15_Finland_Latvia_Mixed,13,0,14,Successful_pass,Mid_Off,POINT,1528.533,
15_Finland_Latvia_Mixed,13,0,14,Unforced_turnover,RZ_Off,POINT,1533.567,
15_Finland_Latvia_Mixed,13,0,14,Time_on_offense_teamA,,START,1533.933,
15_Finland_Latvia_Mixed,13,0,14,Time_on_offense_teamB,,STOP,1533.933,
15_Finland_Latvia_Mixed,13,0,14,Successful_pass,RZ_Def,POINT,1554.167,
15_Finland_Latvia_Mixed,13,0,14,Successful_pass,Mid_Def,POINT,1558.267,
15_Finland_Latvia_Mixed,13,0,14,Score,,POINT,1563.467,
15_Finland_Latvia_Mixed,13,0,14,Timeout,,START,1582.333,
15_Finland_Latvia_Mixed,13,0,14,Timeout,,STOP,1725.133,
15_Finland_Latvia_Mixed,13,0,14,Time_on_offense_teamA,,STOP,1753.367,
15_Finland_Latvia_Mixed,13,0,14,Time_on_offense_teamB,,START,1753.367,
15_Finland_Latvia_Mixed,13,0,14,Pull_pickup,EZ_Def,POINT,1753.7,
15_Finland_Latvia_Mixed,13,0,14,Successful_pass,EZ_Def,POINT,1755.5,
15_Finland_Latvia_Mixed,13,0,14,Successful_pass,RZ_Def,POINT,1761.533,
15_Finland_Latvia_Mixed,13,0,14,Successful_pass,RZ_Def,POINT,1769.233,
15_Finland_Latvia_Mixed,13,0,14,Successful_pass,RZ_Def,POINT,1774.667,
15_Finland_Latvia_Mixed,13,0,14,Successful_pass,Mid_Def,POINT,1781.933,
15_Finland_Latvia_Mixed,13,0,14,Successful_pass,Mid_Def,POINT,1788.1,
15_Finland_Latvia_Mixed,13,0,14,Successful_pass,Mid_Def,POINT,1792.033,
15_Finland_Latvia_Mixed,13,0,14,Successful_pass,Mid_Def,POINT,1796.267,
15_Finland_Latvia_Mixed,13,0,14,Successful_pass,Mid_Def,POINT,1797.7,
15_Finland_Latvia_Mixed,13,0,14,Score,,POINT,1802.667,
15_Finland_Latvia_Mixed,13,0,14,Time_on_offense_teamA,,START,1881.467,
15_Finland_Latvia_Mixed,13,0,14,Time_on_offense_teamB,,STOP,1881.467,
15_Finland_Latvia_Mixed,13,0,14,Pull_pickup,RZ_Def,POINT,1882.133,
15_Finland_Latvia_Mixed,13,0,14,Successful_pass,Mid_Def,POINT,1883.4,
15_Finland_Latvia_Mixed,13,0,14,Successful_pass,Mid_Def,POINT,1887.0,
15_Finland_Latvia_Mixed,13,0,14,Successful_pass,Mid_Def,POINT,1892.4,
15_Finland_Latvia_Mixed,13,0,14,Successful_pass,Mid_Off,POINT,1897.133,
15_Finland_Latvia_Mixed,13,0,14,Successful_pass,RZ_Off,POINT,1899.667,
15_Finland_Latvia_Mixed,13,0,14,Successful_pass,RZ_Off,POINT,1903.267,
15_Finland_Latvia_Mixed,13,0,14,Score,,POINT,1907.433,
15_Finland_Latvia_Mixed,13,0,14,Time_on_offense_teamA,,STOP,1988.8,
15_Finland_Latvia_Mixed,13,0,14,Time_on_offense_teamB,,START,1988.8,
15_Finland_Latvia_Mixed,13,0,14,Pull_pickup,RZ_Def,POINT,1990.5,
15_Finland_Latvia_Mixed,13,0,14,Successful_pass,RZ_Def,POINT,1992.567,
15_Finland_Latvia_Mixed,13,0,14,Successful_pass,EZ_Def,POINT,1998.6,
15_Finland_Latvia_Mixed,13,0,14,Successful_pass,RZ_Def,POINT,2001.3,
15_Finland_Latvia_Mixed,13,0,14,Successful_pass,RZ_Off,POINT,2014.667,
15_Finland_Latvia_Mixed,13,0,14,Successful_pass,RZ_Off,POINT,2019.333,
15_Finland_Latvia_Mixed,13,0,14,Successful_pass,RZ_Off,POINT,2020.867,
15_Finland_Latvia_Mixed,13,0,14,Successful_pass,RZ_Off,POINT,2030.233,
15_Finland_Latvia_Mixed,13,0,14,Score,,POINT,2039.633,
15_Finland_Latvia_Mixed,13,0,14,Time_on_offense_teamA,,START,2125.2,
15_Finland_Latvia_Mixed,13,0,14,Time_on_offense_teamB,,STOP,2125.2,
15_Finland_Latvia_Mixed,13,0,14,Pull_pickup,RZ_Def,POINT,2125.6,
15_Finland_Latvia_Mixed,13,0,14,Successful_pass,RZ_Def,POINT,2126.733,
15_Finland_Latvia_Mixed,13,0,14,Successful_pass,Mid_Def,POINT,2129.633,
15_Finland_Latvia_Mixed,13,0,14,Score,,POINT,2137.433,
15_Finland_Latvia_Mixed,13,0,14,First half,,STOP,2141.767,
15_Finland_Latvia_Mixed,13,0,14,Time_on_offense_teamA,,STOP,2141.767,
15_Finland_Latvia_Mixed,13,0,14,Second half,,START,2442.6,
15_Finland_Latvia_Mixed,13,0,14,Time_on_offense_teamB,,START,2464.3,
15_Finland_Latvia_Mixed,13,0,14,Pull_pickup,EZ_Def,POINT,2464.333,
15_Finland_Latvia_Mixed,13,0,14,Successful_pass,RZ_Def,POINT,2465.567,
15_Finland_Latvia_Mixed,13,0,14,Successful_pass,Mid_Def,POINT,2470.733,
15_Finland_Latvia_Mixed,13,0,14,Successful_pass,Mid_Off,POINT,2473.333,
15_Finland_Latvia_Mixed,13,0,14,Successful_pass,Mid_Def,POINT,2478.633,
15_Finland_Latvia_Mixed,13,0,14,Successful_pass,RZ_Off,POINT,2481.167,
15_Finland_Latvia_Mixed,13,0,14,Successful_pass,RZ_Off,POINT,2485.833,
15_Finland_Latvia_Mixed,13,0,14,Successful_pass,RZ_Off,POINT,2490.533,
15_Finland_Latvia_Mixed,13,0,14,Unforced_turnover,EZ_Off,POINT,2493.067,
15_Finland_Latvia_Mixed,13,0,14,Time_on_offense_teamA,,START,2495.2,
15_Finland_Latvia_Mixed,13,0,14,Time_on_offense_teamB,,STOP,2495.2,
15_Finland_Latvia_Mixed,13,0,14,Successful_pass,EZ_Def,POINT,2510.933,
15_Finland_Latvia_Mixed,13,0,14,Successful_pass,RZ_Def,POINT,2514.467,
15_Finland_Latvia_Mixed,13,0,14,Successful_pass,EZ_Def,POINT,2515.833,
15_Finland_Latvia_Mixed,13,0,14,Unforced_turnover,Mid_Off,POINT,2520.167,
15_Finland_Latvia_Mixed,13,0,14,Time_on_offense_teamA,,STOP,2521.2,
15_Finland_Latvia_Mixed,13,0,14,Time_on_offense_teamB,,START,2521.2,
15_Finland_Latvia_Mixed,13,0,14,Successful_pass,Mid_Def,POINT,2527.3,
15_Finland_Latvia_Mixed,13,0,14,Score,,POINT,2533.033,
15_Finland_Latvia_Mixed,13,0,14,Time_on_offense_teamA,,START,2613.533,
15_Finland_Latvia_Mixed,13,0,14,Time_on_offense_teamB,,STOP,2613.533,
15_Finland_Latvia_Mixed,13,0,14,Pull_pickup,RZ_Def,POINT,2613.733,
15_Finland_Latvia_Mixed,13,0,14,Successful_pass,Mid_Def,POINT,2615.033,
15_Finland_Latvia_Mixed,13,0,14,Successful_pass,Mid_Def,POINT,2616.5,
15_Finland_Latvia_Mixed,13,0,14,Successful_pass,Mid_Def,POINT,2617.667,
15_Finland_Latvia_Mixed,13,0,14,Successful_pass,Mid_Def,POINT,2621.3,
15_Finland_Latvia_Mixed,13,0,14,Successful_pass,Mid_Off,POINT,2626.233,
15_Finland_Latvia_Mixed,13,0,14,Forced_turnover,EZ_Off,POINT,2632.533,
15_Finland_Latvia_Mixed,13,0,14,Time_on_offense_teamA,,STOP,2633.233,
15_Finland_Latvia_Mixed,13,0,14,Time_on_offense_teamB,,START,2633.233,
15_Finland_Latvia_Mixed,13,0,14,Successful_pass,EZ_Def,POINT,2662.367,
15_Finland_Latvia_Mixed,13,0,14,Successful_pass,EZ_Def,POINT,2668.933,
15_Finland_Latvia_Mixed,13,0,14,Unforced_turnover,RZ_Def,POINT,2686.6,
15_Finland_Latvia_Mixed,13,0,14,Time_on_offense_teamA,,START,2688.2,
15_Finland_Latvia_Mixed,13,0,14,Time_on_offense_teamB,,STOP,2688.2,
15_Finland_Latvia_Mixed,13,0,14,Successful_pass,RZ_Off,POINT,2724.2,
15_Finland_Latvia_Mixed,13,0,14,Successful_pass,RZ_Off,POINT,2730.2,
15_Finland_Latvia_Mixed,13,0,14,Unforced_turnover,EZ_Off,POINT,2732.733,
15_Finland_Latvia_Mixed,13,0,14,Time_on_offense_teamA,,STOP,2733.367,
15_Finland_Latvia_Mixed,13,0,14,Time_on_offense_teamB,,START,2733.367,
15_Finland_Latvia_Mixed,13,0,14,Successful_pass,RZ_Def,POINT,2752.267,
15_Finland_Latvia_Mixed,13,0,14,Successful_pass,RZ_Def,POINT,2762.833,
15_Finland_Latvia_Mixed,13,0,14,Successful_pass,RZ_Def,POINT,2770.867,
15_Finland_Latvia_Mixed,13,0,14,Timeout,,START,2774.2,
15_Finland_Latvia_Mixed,13,0,14,Timeout,,STOP,2876.967,
15_Finland_Latvia_Mixed,13,0,14,Successful_pass,Mid_Def,POINT,2904.567,
15_Finland_Latvia_Mixed,13,0,14,Successful_pass,RZ_Off,POINT,2910.833,
15_Finland_Latvia_Mixed,13,0,14,Score,,POINT,2915.133,
15_Finland_Latvia_Mixed,13,0,14,Time_on_offense_teamA,,START,2994.6,
15_Finland_Latvia_Mixed,13,0,14,Time_on_offense_teamB,,STOP,2994.6,
15_Finland_Latvia_Mixed,13,0,14,Pull_pickup,RZ_Def,POINT,2994.833,
15_Finland_Latvia_Mixed,13,0,14,Successful_pass,Mid_Def,POINT,2995.567,
15_Finland_Latvia_Mixed,13,0,14,Successful_pass,Mid_Def,POINT,2997.4,
15_Finland_Latvia_Mixed,13,0,14,Successful_pass,Mid_Def,POINT,2999.167,
15_Finland_Latvia_Mixed,13,0,14,Successful_pass,Mid_Off,POINT,3001.167,
15_Finland_Latvia_Mixed,13,0,14,Successful_pass,RZ_Off,POINT,3006.7,
15_Finland_Latvia_Mixed,13,0,14,Successful_pass,RZ_Off,POINT,3010.567,
15_Finland_Latvia_Mixed,13,0,14,Successful_pass,RZ_Off,POINT,3014.8,
15_Finland_Latvia_Mixed,13,0,14,Successful_pass,RZ_Off,POINT,3018.333,
15_Finland_Latvia_Mixed,13,0,14,Successful_pass,Mid_Off,POINT,3027.267,
15_Finland_Latvia_Mixed,13,0,14,Successful_pass,Mid_Off,POINT,3028.867,
15_Finland_Latvia_Mixed,13,0,14,Successful_pass,RZ_Off,POINT,3031.9,
15_Finland_Latvia_Mixed,13,0,14,Successful_pass,RZ_Off,POINT,3034.933,
15_Finland_Latvia_Mixed,13,0,14,Successful_pass,RZ_Off,POINT,3039.767,
15_Finland_Latvia_Mixed,13,0,14,Successful_pass,Mid_Off,POINT,3083.067,
15_Finland_Latvia_Mixed,13,0,14,Successful_pass,Mid_Off,POINT,3095.367,
15_Finland_Latvia_Mixed,13,0,14,Successful_pass,Mid_Off,POINT,3097.433,
15_Finland_Latvia_Mixed,13,0,14,Successful_pass,RZ_Off,POINT,3102.1,
15_Finland_Latvia_Mixed,13,0,14,Successful_pass,RZ_Off,POINT,3108.367,
15_Finland_Latvia_Mixed,13,0,14,Successful_pass,RZ_Off,POINT,3154.9,
15_Finland_Latvia_Mixed,13,0,14,Successful_pass,RZ_Off,POINT,3160.533,
15_Finland_Latvia_Mixed,13,0,14,Successful_pass,RZ_Off,POINT,3164.367,
15_Finland_Latvia_Mixed,13,0,14,Score,,POINT,3169.167,
15_Finland_Latvia_Mixed,13,0,14,Time_on_offense_teamA,,STOP,3266.6,
15_Finland_Latvia_Mixed,13,0,14,Time_on_offense_teamB,,START,3266.6,
15_Finland_Latvia_Mixed,13,0,14,Pull_pickup,RZ_Def,POINT,3267.4,
15_Finland_Latvia_Mixed,13,0,14,Successful_pass,Mid_Def,POINT,3273.3,
15_Finland_Latvia_Mixed,13,0,14,Successful_pass,Mid_Def,POINT,3275.967,
15_Finland_Latvia_Mixed,13,0,14,Successful_pass,Mid_Off,POINT,3278.5,
15_Finland_Latvia_Mixed,13,0,14,Successful_pass,Mid_Off,POINT,3284.067,
15_Finland_Latvia_Mixed,13,0,14,Unforced_turnover,Mid_Off,POINT,3293.0,
15_Finland_Latvia_Mixed,13,0,14,Time_on_offense_teamA,,START,3294.033,
15_Finland_Latvia_Mixed,13,0,14,Time_on_offense_teamB,,STOP,3294.033,
15_Finland_Latvia_Mixed,13,0,14,Successful_pass,Mid_Def,POINT,3304.633,
15_Finland_Latvia_Mixed,13,0,14,Score,,POINT,3311.767,
15_Finland_Latvia_Mixed,13,0,14,Time_on_offense_teamA,,STOP,3400.467,
15_Finland_Latvia_Mixed,13,0,14,Time_on_offense_teamB,,START,3400.467,
15_Finland_Latvia_Mixed,13,0,14,Pull_pickup,RZ_Def,POINT,3400.933,
15_Finland_Latvia_Mixed,13,0,14,Successful_pass,RZ_Def,POINT,3401.867,
15_Finland_Latvia_Mixed,13,0,14,Successful_pass,Mid_Def,POINT,3408.267,
15_Finland_Latvia_Mixed,13,0,14,Successful_pass,Mid_Def,POINT,3415.633,
15_Finland_Latvia_Mixed,13,0,14,Forced_turnover,Mid_Off,POINT,3423.0,
15_Finland_Latvia_Mixed,13,0,14,Time_on_offense_teamA,,START,3424.233,
15_Finland_Latvia_Mixed,13,0,14,Time_on_offense_teamB,,STOP,3424.233,
15_Finland_Latvia_Mixed,13,0,14,Successful_pass,Mid_Def,POINT,3427.167,
15_Finland_Latvia_Mixed,13,0,14,Successful_pass,Mid_Def,POINT,3428.6,
15_Finland_Latvia_Mixed,13,0,14,Successful_pass,Mid_Def,POINT,3431.267,
15_Finland_Latvia_Mixed,13,0,14,Successful_pass,Mid_Def,POINT,3434.633,
15_Finland_Latvia_Mixed,13,0,14,Successful_pass,Mid_Def,POINT,3498.333,
15_Finland_Latvia_Mixed,13,0,14,Unforced_turnover,EZ_Off,POINT,3503.2,
15_Finland_Latvia_Mixed,13,0,14,Time_on_offense_teamA,,STOP,3503.933,
15_Finland_Latvia_Mixed,13,0,14,Time_on_offense_teamB,,START,3503.933,
15_Finland_Latvia_Mixed,13,0,14,Successful_pass,EZ_Def,POINT,3526.667,
15_Finland_Latvia_Mixed,13,0,14,Successful_pass,RZ_Def,POINT,3530.0,
15_Finland_Latvia_Mixed,13,0,14,Forced_turnover,RZ_Off,POINT,3536.867,
15_Finland_Latvia_Mixed,13,0,14,Time_on_offense_teamA,,START,3537.5,
15_Finland_Latvia_Mixed,13,0,14,Time_on_offense_teamB,,STOP,3537.5,
15_Finland_Latvia_Mixed,13,0,14,Unforced_turnover,EZ_Off,POINT,3550.9,
15_Finland_Latvia_Mixed,13,0,14,Time_on_offense_teamA,,STOP,3551.8,
15_Finland_Latvia_Mixed,13,0,14,Time_on_offense_teamB,,START,3551.8,
15_Finland_Latvia_Mixed,13,0,14,Successful_pass,Mid_Def,POINT,3581.033,
15_Finland_Latvia_Mixed,13,0,14,Successful_pass,Mid_Off,POINT,3585.5,
15_Finland_Latvia_Mixed,13,0,14,Successful_pass,Mid_Def,POINT,3591.533,
15_Finland_Latvia_Mixed,13,0,14,Successful_pass,Mid_Off,POINT,3599.0,
15_Finland_Latvia_Mixed,13,0,14,Successful_pass,Mid_Off,POINT,3602.9,
15_Finland_Latvia_Mixed,13,0,14,Successful_pass,RZ_Off,POINT,3608.467,
15_Finland_Latvia_Mixed,13,0,14,Successful_pass,RZ_Off,POINT,3610.233,
15_Finland_Latvia_Mixed,13,0,14,Successful_pass,RZ_Off,POINT,3635.467,
15_Finland_Latvia_Mixed,13,0,14,Successful_pass,RZ_Off,POINT,3641.833,
15_Finland_Latvia_Mixed,13,0,14,Successful_pass,RZ_Off,POINT,3645.0,
15_Finland_Latvia_Mixed,13,0,14,Score,,POINT,3648.367,
15_Finland_Latvia_Mixed,13,0,14,Time_on_offense_teamA,,START,3721.067,
15_Finland_Latvia_Mixed,13,0,14,Time_on_offense_teamB,,STOP,3721.067,
15_Finland_Latvia_Mixed,13,0,14,Pull_pickup,RZ_Def,POINT,3721.2,
15_Finland_Latvia_Mixed,13,0,14,Successful_pass,Mid_Def,POINT,3722.5,
15_Finland_Latvia_Mixed,13,0,14,Successful_pass,Mid_Def,POINT,3723.9,
15_Finland_Latvia_Mixed,13,0,14,Successful_pass,Mid_Off,POINT,3730.667,
15_Finland_Latvia_Mixed,13,0,14,Successful_pass,Mid_Off,POINT,3736.133,
15_Finland_Latvia_Mixed,13,0,14,Score,,POINT,3742.467,
15_Finland_Latvia_Mixed,13,0,14,Time_on_offense_teamA,,STOP,3820.867,
15_Finland_Latvia_Mixed,13,0,14,Time_on_offense_teamB,,START,3820.867,
15_Finland_Latvia_Mixed,13,0,14,Pull_pickup,RZ_Def,POINT,3821.1,
15_Finland_Latvia_Mixed,13,0,14,Successful_pass,RZ_Def,POINT,3822.433,
15_Finland_Latvia_Mixed,13,0,14,Successful_pass,Mid_Def,POINT,3832.467,
15_Finland_Latvia_Mixed,13,0,14,Score,,POINT,3862.667,
15_Finland_Latvia_Mixed,13,0,14,Time_on_offense_teamA,,START,3948.933,
15_Finland_Latvia_Mixed,13,0,14,Time_on_offense_teamB,,STOP,3948.933,
15_Finland_Latvia_Mixed,13,0,14,Pull_pickup,EZ_Def,POINT,3949.467,
15_Finland_Latvia_Mixed,13,0,14,Successful_pass,RZ_Def,POINT,3950.8,
15_Finland_Latvia_Mixed,13,0,14,Successful_pass,RZ_Def,POINT,3951.767,
15_Finland_Latvia_Mixed,13,0,14,Successful_pass,RZ_Def,POINT,3957.7,
15_Finland_Latvia_Mixed,13,0,14,Successful_pass,RZ_Def,POINT,3960.567,
15_Finland_Latvia_Mixed,13,0,14,Successful_pass,RZ_Def,POINT,3967.333,
15_Finland_Latvia_Mixed,13,0,14,Successful_pass,Mid_Def,POINT,3970.333,
15_Finland_Latvia_Mixed,13,0,14,Successful_pass,Mid_Def,POINT,3971.933,
15_Finland_Latvia_Mixed,13,0,14,Successful_pass,Mid_Off,POINT,3976.967,
15_Finland_Latvia_Mixed,13,0,14,Score,,POINT,3982.6,
15_Finland_Latvia_Mixed,13,0,14,Time_on_offense_teamA,,STOP,4064.367,
15_Finland_Latvia_Mixed,13,0,14,Time_on_offense_teamB,,START,4064.367,
15_Finland_Latvia_Mixed,13,0,14,Pull_pickup,RZ_Def,POINT,4064.833,
15_Finland_Latvia_Mixed,13,0,14,Successful_pass,RZ_Def,POINT,4066.167,
15_Finland_Latvia_Mixed,13,0,14,Score,,POINT,4076.233,
15_Finland_Latvia_Mixed,13,0,14,Time_on_offense_teamA,,START,4161.6,
15_Finland_Latvia_Mixed,13,0,14,Time_on_offense_teamB,,STOP,4161.6,
15_Finland_Latvia_Mixed,13,0,14,Pull_pickup,RZ_Def,POINT,4162.467,
15_Finland_Latvia_Mixed,13,0,14,Successful_pass,Mid_Def,POINT,4163.567,
15_Finland_Latvia_Mixed,13,0,14,Successful_pass,Mid_Def,POINT,4164.867,
15_Finland_Latvia_Mixed,13,0,14,Successful_pass,Mid_Def,POINT,4166.667,
15_Finland_Latvia_Mixed,13,0,14,Successful_pass,Mid_Def,POINT,4168.267,
15_Finland_Latvia_Mixed,13,0,14,Successful_pass,RZ_Def,POINT,4173.867,
15_Finland_Latvia_Mixed,13,0,14,Successful_pass,RZ_Def,POINT,4175.1,
15_Finland_Latvia_Mixed,13,0,14,Successful_pass,Mid_Def,POINT,4179.633,
15_Finland_Latvia_Mixed,13,0,14,Successful_pass,Mid_Def,POINT,4185.633,
15_Finland_Latvia_Mixed,13,0,14,Successful_pass,Mid_Def,POINT,4187.5,
15_Finland_Latvia_Mixed,13,0,14,Successful_pass,Mid_Def,POINT,4191.3,
15_Finland_Latvia_Mixed,13,0,14,Successful_pass,Mid_Def,POINT,4193.6,
15_Finland_Latvia_Mixed,13,0,14,Successful_pass,Mid_Off,POINT,4196.267,
15_Finland_Latvia_Mixed,13,0,14,Successful_pass,RZ_Off,POINT,4200.967,
15_Finland_Latvia_Mixed,13,0,14,Score,,POINT,4205.033,
15_Finland_Latvia_Mixed,13,0,14,Time_on_offense_teamA,,STOP,4288.0,
15_Finland_Latvia_Mixed,13,0,14,Time_on_offense_teamB,,START,4288.0,
15_Finland_Latvia_Mixed,13,0,14,Pull_pickup,RZ_Def,POINT,4288.767,
15_Finland_Latvia_Mixed,13,0,14,Successful_pass,RZ_Def,POINT,4291.6,
15_Finland_Latvia_Mixed,13,0,14,Successful_pass,Mid_Def,POINT,4296.567,
15_Finland_Latvia_Mixed,13,0,14,Forced_turnover,Mid_Off,POINT,4300.533,
15_Finland_Latvia_Mixed,13,0,14,Time_on_offense_teamA,,START,4300.633,
15_Finland_Latvia_Mixed,13,0,14,Time_on_offense_teamB,,STOP,4300.633,
15_Finland_Latvia_Mixed,13,0,14,Successful_pass,Mid_Off,POINT,4301.9,
15_Finland_Latvia_Mixed,13,0,14,Successful_pass,Mid_Off,POINT,4304.333,
15_Finland_Latvia_Mixed,13,0,14,Forced_turnover,RZ_Off,POINT,4306.567,
15_Finland_Latvia_Mixed,13,0,14,Time_on_offense_teamA,,STOP,4307.167,
15_Finland_Latvia_Mixed,13,0,14,Time_on_offense_teamB,,START,4307.167,
15_Finland_Latvia_Mixed,13,0,14,Successful_pass,Mid_Def,POINT,4323.4,
15_Finland_Latvia_Mixed,13,0,14,Successful_pass,Mid_Off,POINT,4328.5,
15_Finland_Latvia_Mixed,13,0,14,Successful_pass,RZ_Off,POINT,4337.033,
15_Finland_Latvia_Mixed,13,0,14,Successful_pass,RZ_Off,POINT,4341.567,
15_Finland_Latvia_Mixed,13,0,14,Successful_pass,RZ_Off,POINT,4346.6,
15_Finland_Latvia_Mixed,13,0,14,Forced_turnover,EZ_Off,POINT,4374.633,
15_Finland_Latvia_Mixed,13,0,14,Time_on_offense_teamA,,START,4375.867,
15_Finland_Latvia_Mixed,13,0,14,Time_on_offense_teamB,,STOP,4375.867,
15_Finland_Latvia_Mixed,13,0,14,Successful_pass,RZ_Def,POINT,4388.833,
15_Finland_Latvia_Mixed,13,0,14,Successful_pass,RZ_Def,POINT,4394.0,
15_Finland_Latvia_Mixed,13,0,14,Score,,POINT,4400.733,
15_Finland_Latvia_Mixed,13,0,14,Timeout,,START,4422.933,
15_Finland_Latvia_Mixed,13,0,14,Timeout,,STOP,4529.8,
15_Finland_Latvia_Mixed,13,0,14,Time_on_offense_teamA,,STOP,4557.167,
15_Finland_Latvia_Mixed,13,0,14,Time_on_offense_teamB,,START,4557.167,
15_Finland_Latvia_Mixed,13,0,14,Pull_pickup,EZ_Def,POINT,4557.867,
15_Finland_Latvia_Mixed,13,0,14,Successful_pass,RZ_Def,POINT,4560.0,
15_Finland_Latvia_Mixed,13,0,14,Successful_pass,Mid_Def,POINT,4564.3,
15_Finland_Latvia_Mixed,13,0,14,Unforced_turnover,Mid_Off,POINT,4568.867,
15_Finland_Latvia_Mixed,13,0,14,Time_on_offense_teamA,,START,4570.033,
15_Finland_Latvia_Mixed,13,0,14,Time_on_offense_teamB,,STOP,4570.033,
15_Finland_Latvia_Mixed,13,0,14,Successful_pass,Mid_Def,POINT,4577.767,
15_Finland_Latvia_Mixed,13,0,14,Successful_pass,RZ_Off,POINT,4583.8,
15_Finland_Latvia_Mixed,13,0,14,Unforced_turnover,EZ_Off,POINT,4591.467,
15_Finland_Latvia_Mixed,13,0,14,Time_on_offense_teamA,,STOP,4592.533,
15_Finland_Latvia_Mixed,13,0,14,Time_on_offense_teamB,,START,4592.533,
15_Finland_Latvia_Mixed,13,0,14,Successful_pass,RZ_Def,POINT,4623.567,
15_Finland_Latvia_Mixed,13,0,14,Successful_pass,Mid_Def,POINT,4626.8,
15_Finland_Latvia_Mixed,13,0,14,Successful_pass,Mid_Def,POINT,4632.7,
15_Finland_Latvia_Mixed,13,0,14,Successful_pass,Mid_Def,POINT,4635.267,
15_Finland_Latvia_Mixed,13,0,14,Successful_pass,Mid_Off,POINT,4637.833,
15_Finland_Latvia_Mixed,13,0,14,Forced_turnover,EZ_Off,POINT,4642.267,
15_Finland_Latvia_Mixed,13,0,14,Time_on_offense_teamA,,START,4642.967,
15_Finland_Latvia_Mixed,13,0,14,Time_on_offense_teamB,,STOP,4642.967,
15_Finland_Latvia_Mixed,13,0,14,Successful_pass,Mid_Def,POINT,4681.4,
15_Finland_Latvia_Mixed,13,0,14,Successful_pass,Mid_Off,POINT,4683.9,
15_Finland_Latvia_Mixed,13,0,14,Successful_pass,Mid_Def,POINT,4688.1,
15_Finland_Latvia_Mixed,13,0,14,Successful_pass,Mid_Def,POINT,4690.267,
15_Finland_Latvia_Mixed,13,0,14,Successful_pass,Mid_Off,POINT,4693.2,
15_Finland_Latvia_Mixed,13,0,14,Successful_pass,RZ_Off,POINT,4699.7,
15_Finland_Latvia_Mixed,13,0,14,Successful_pass,RZ_Off,POINT,4701.9,
15_Finland_Latvia_Mixed,13,0,14,Score,,POINT,4704.733,
15_Finland_Latvia_Mixed,13,0,14,Second half,,STOP,4731.4,
15_Finland_Latvia_Mixed,13,0,14,Time_on_offense_teamA,,STOP,4731.4,
