Observation id,Observation date,Description,Observation duration,Observation type,Source,Time offset (s),Media duration (s),FPS,Subs_A,Early win,Subs_B,Subject,Behavior,Behavioral category,Modifier #1,Behavior type,Time,Media file name,Image index,Image file path,Comment
1_Poland_Lithuania_Mixed,2025-05-02 16:07:56.825,The game of Poland against Lithuania in the mixed division.,2709.967,Media file(s),player #1:C:/Users/basti/Desktop/Emmie/Poland vs Lithuania — MIXED Pool — European Ultimate Championships #EUC2023 [VIOlS4zZcfY].mp4,0.0,6485.000,30.000,17,1,16,,First half,,,START,164.800,C:/Users/basti/Desktop/Emmie/Poland vs Lithuania — MIXED Pool — European Ultimate Championships #EUC2023 [VIOlS4zZcfY].mp4,4944,NA,
1_Poland_Lithuania_Mixed,2025-05-02 16:07:56.825,The game of Poland against Lithuania in the mixed division.,2709.967,Media file(s),player #1:C:/Users/basti/Desktop/Emmie/Poland vs Lithuania — MIXED Pool — European Ultimate Championships #EUC2023 [VIOlS4zZcfY].mp4,0.0,6485.000,30.000,17,1,16,,Time_on_offense_teamA,,,START,295.667,C:/Users/basti/Desktop/Emmie/Poland vs Lithuania — MIXED Pool — European Ultimate Championships #EUC2023 [VIOlS4zZcfY].mp4,8870,NA,
1_Poland_Lithuania_Mixed,2025-05-02 16:07:56.825,The game of Poland against Lithuania in the mixed division.,2709.967,Media file(s),player #1:C:/Users/basti/Desktop/Emmie/Poland vs Lithuania — MIXED Pool — European Ultimate Championships #EUC2023 [VIOlS4zZcfY].mp4,0.0,6485.000,30.000,17,1,16,,Successful_pass,,Mid,POINT,297.467,C:/Users/basti/Desktop/Emmie/Poland vs Lithuania — MIXED Pool — European Ultimate Championships #EUC2023 [VIOlS4zZcfY].mp4,8924,NA,
1_Poland_Lithuania_Mixed,2025-05-02 16:07:56.825,The game of Poland against Lithuania in the mixed division.,2709.967,Media file(s),player #1:C:/Users/basti/Desktop/Emmie/Poland vs Lithuania — MIXED Pool — European Ultimate Championships #EUC2023 [VIOlS4zZcfY].mp4,0.0,6485.000,30.000,17,1,16,,Successful_pass,,Mid,POINT,301.267,C:/Users/basti/Desktop/Emmie/Poland vs Lithuania — MIXED Pool — European Ultimate Championships #EUC2023 [VIOlS4zZcfY].mp4,9038,NA,
1_Poland_Lithuania_Mixed,2025-05-02 16:07:56.825,The game of Poland against Lithuania in the mixed division.,2709.967,Media file(s),player #1:C:/Users/basti/Desktop/Emmie/Poland vs Lithuania — MIXED Pool — European Ultimate Championships #EUC2023 [VIOlS4zZcfY].mp4,0.0,6485.000,30.000,17,1,16,,Successful_pass,,Mid,POINT,306.133,C:/Users/basti/Desktop/Emmie/Poland vs Lithuania — MIXED Pool — European Ultimate Championships #EUC2023 [VIOlS4zZcfY].mp4,9184,NA,
1_Poland_Lithuania_Mixed,2025-05-02 16:07:56.825,The game of Poland against Lithuania in the mixed division.,2709.967,Media file(s),player #1:C:/Users/basti/Desktop/Emmie/Poland vs Lithuania — MIXED Pool — European Ultimate Championships #EUC2023 [VIOlS4zZcfY].mp4,0.0,6485.000,30.000,17,1,16,,Successful_pass,,Mid,POINT,307.467,C:/Users/basti/Desktop/Emmie/Poland vs Lithuania — MIXED Pool — European Ultimate Championships #EUC2023 [VIOlS4zZcfY].mp4,9224,NA,
1_Poland_Lithuania_Mixed,2025-05-02 16:07:56.825,The game of Poland against Lithuania in the mixed division.,2709.967,Media file(s),player #1:C:/Users/basti/Desktop/Emmie/Poland vs Lithuania — MIXED Pool — European Ultimate Championships #EUC2023 [VIOlS4zZcfY].mp4,0.0,6485.000,30.000,17,1,16,,Successful_pass,,Mid,POINT,310.233,C:/Users/basti/Desktop/Emmie/Poland vs Lithuania — MIXED Pool — European Ultimate Championships #EUC2023 [VIOlS4zZcfY].mp4,9307,NA,
1_Poland_Lithuania_Mixed,2025-05-02 16:07:56.825,The game of Poland against Lithuania in the mixed division.,2709.967,Media file(s),player #1:C:/Users/basti/Desktop/Emmie/Poland vs Lithuania — MIXED Pool — European Ultimate Championships #EUC2023 [VIOlS4zZcfY].mp4,0.0,6485.000,30.000,17,1,16,,Forced_turnover,,Mid,POINT,314.500,C:/Users/basti/Desktop/Emmie/Poland vs Lithuania — MIXED Pool — European Ultimate Championships #EUC2023 [VIOlS4zZcfY].mp4,9435,NA,
1_Poland_Lithuania_Mixed,2025-05-02 16:07:56.825,The game of Poland against Lithuania in the mixed division.,2709.967,Media file(s),player #1:C:/Users/basti/Desktop/Emmie/Poland vs Lithuania — MIXED Pool — European Ultimate Championships #EUC2023 [VIOlS4zZcfY].mp4,0.0,6485.000,30.000,17,1,16,,Pass,,Mid,POINT,314.500,C:/Users/basti/Desktop/Emmie/Poland vs Lithuania — MIXED Pool — European Ultimate Championships #EUC2023 [VIOlS4zZcfY].mp4,9435,NA,
1_Poland_Lithuania_Mixed,2025-05-02 16:07:56.825,The game of Poland against Lithuania in the mixed division.,2709.967,Media file(s),player #1:C:/Users/basti/Desktop/Emmie/Poland vs Lithuania — MIXED Pool — European Ultimate Championships #EUC2023 [VIOlS4zZcfY].mp4,0.0,6485.000,30.000,17,1,16,,Time_on_offense_teamA,,,STOP,314.500,C:/Users/basti/Desktop/Emmie/Poland vs Lithuania — MIXED Pool — European Ultimate Championships #EUC2023 [VIOlS4zZcfY].mp4,9435,NA,
1_Poland_Lithuania_Mixed,2025-05-02 16:07:56.825,The game of Poland against Lithuania in the mixed division.,2709.967,Media file(s),player #1:C:/Users/basti/Desktop/Emmie/Poland vs Lithuania — MIXED Pool — European Ultimate Championships #EUC2023 [VIOlS4zZcfY].mp4,0.0,6485.000,30.000,17,1,16,,Successful_pass,,Mid,POINT,323.200,C:/Users/basti/Desktop/Emmie/Poland vs Lithuania — MIXED Pool — European Ultimate Championships #EUC2023 [VIOlS4zZcfY].mp4,9696,NA,
1_Poland_Lithuania_Mixed,2025-05-02 16:07:56.825,The game of Poland against Lithuania in the mixed division.,2709.967,Media file(s),player #1:C:/Users/basti/Desktop/Emmie/Poland vs Lithuania — MIXED Pool — European Ultimate Championships #EUC2023 [VIOlS4zZcfY].mp4,0.0,6485.000,30.000,17,1,16,,Successful_pass,,Mid,POINT,327.433,C:/Users/basti/Desktop/Emmie/Poland vs Lithuania — MIXED Pool — European Ultimate Championships #EUC2023 [VIOlS4zZcfY].mp4,9823,NA,
1_Poland_Lithuania_Mixed,2025-05-02 16:07:56.825,The game of Poland against Lithuania in the mixed division.,2709.967,Media file(s),player #1:C:/Users/basti/Desktop/Emmie/Poland vs Lithuania — MIXED Pool — European Ultimate Championships #EUC2023 [VIOlS4zZcfY].mp4,0.0,6485.000,30.000,17,1,16,,Successful_pass,,Mid,POINT,333.100,C:/Users/basti/Desktop/Emmie/Poland vs Lithuania — MIXED Pool — European Ultimate Championships #EUC2023 [VIOlS4zZcfY].mp4,9993,NA,
1_Poland_Lithuania_Mixed,2025-05-02 16:07:56.825,The game of Poland against Lithuania in the mixed division.,2709.967,Media file(s),player #1:C:/Users/basti/Desktop/Emmie/Poland vs Lithuania — MIXED Pool — European Ultimate Championships #EUC2023 [VIOlS4zZcfY].mp4,0.0,6485.000,30.000,17,1,16,,Successful_pass,,Mid,POINT,341.300,C:/Users/basti/Desktop/Emmie/Poland vs Lithuania — MIXED Pool — European Ultimate Championships #EUC2023 [VIOlS4zZcfY].mp4,10239,NA,
1_Poland_Lithuania_Mixed,2025-05-02 16:07:56.825,The game of Poland against Lithuania in the mixed division.,2709.967,Media file(s),player #1:C:/Users/basti/Desktop/Emmie/Poland vs Lithuania — MIXED Pool — European Ultimate Championships #EUC2023 [VIOlS4zZcfY].mp4,0.0,6485.000,30.000,17,1,16,,Forced_turnover,,Mid,POINT,345.633,C:/Users/basti/Desktop/Emmie/Poland vs Lithuania — MIXED Pool — European Ultimate Championships #EUC2023 [VIOlS4zZcfY].mp4,10369,NA,
1_Poland_Lithuania_Mixed,2025-05-02 16:07:56.825,The game of Poland against Lithuania in the mixed division.,2709.967,Media file(s),player #1:C:/Users/basti/Desktop/Emmie/Poland vs Lithuania — MIXED Pool — European Ultimate Championships #EUC2023 [VIOlS4zZcfY].mp4,0.0,6485.000,30.000,17,1,16,,Pass,,Mid,POINT,345.633,C:/Users/basti/Desktop/Emmie/Poland vs Lithuania — MIXED Pool — European Ultimate Championships #EUC2023 [VIOlS4zZcfY].mp4,10369,NA,
1_Poland_Lithuania_Mixed,2025-05-02 16:07:56.825,The game of Poland against Lithuania in the mixed division.,2709.967,Media file(s),player #1:C:/Users/basti/Desktop/Emmie/Poland vs Lithuania — MIXED Pool — European Ultimate Championships #EUC2023 [VIOlS4zZcfY].mp4,0.0,6485.000,30.000,17,1,16,,Time_on_offense_teamA,,,START,345.633,C:/Users/basti/Desktop/Emmie/Poland vs Lithuania — MIXED Pool — European Ultimate Championships #EUC2023 [VIOlS4zZcfY].mp4,10369,NA,
1_Poland_Lithuania_Mixed,2025-05-02 16:07:56.825,The game of Poland against Lithuania in the mixed division.,2709.967,Media file(s),player #1:C:/Users/basti/Desktop/Emmie/Poland vs Lithuania — MIXED Pool — European Ultimate Championships #EUC2023 [VIOlS4zZcfY].mp4,0.0,6485.000,30.000,17,1,16,,Successful_pass,,Mid,POINT,346.933,C:/Users/basti/Desktop/Emmie/Poland vs Lithuania — MIXED Pool — European Ultimate Championships #EUC2023 [VIOlS4zZcfY].mp4,10408,NA,
1_Poland_Lithuania_Mixed,2025-05-02 16:07:56.825,The game of Poland against Lithuania in the mixed division.,2709.967,Media file(s),player #1:C:/Users/basti/Desktop/Emmie/Poland vs Lithuania — MIXED Pool — European Ultimate Championships #EUC2023 [VIOlS4zZcfY].mp4,0.0,6485.000,30.000,17,1,16,,Successful_pass,,Mid,POINT,351.133,C:/Users/basti/Desktop/Emmie/Poland vs Lithuania — MIXED Pool — European Ultimate Championships #EUC2023 [VIOlS4zZcfY].mp4,10534,NA,
1_Poland_Lithuania_Mixed,2025-05-02 16:07:56.825,The game of Poland against Lithuania in the mixed division.,2709.967,Media file(s),player #1:C:/Users/basti/Desktop/Emmie/Poland vs Lithuania — MIXED Pool — European Ultimate Championships #EUC2023 [VIOlS4zZcfY].mp4,0.0,6485.000,30.000,17,1,16,,Successful_pass,,Mid,POINT,354.900,C:/Users/basti/Desktop/Emmie/Poland vs Lithuania — MIXED Pool — European Ultimate Championships #EUC2023 [VIOlS4zZcfY].mp4,10647,NA,
1_Poland_Lithuania_Mixed,2025-05-02 16:07:56.825,The game of Poland against Lithuania in the mixed division.,2709.967,Media file(s),player #1:C:/Users/basti/Desktop/Emmie/Poland vs Lithuania — MIXED Pool — European Ultimate Championships #EUC2023 [VIOlS4zZcfY].mp4,0.0,6485.000,30.000,17,1,16,,Successful_pass,,Mid,POINT,358.800,C:/Users/basti/Desktop/Emmie/Poland vs Lithuania — MIXED Pool — European Ultimate Championships #EUC2023 [VIOlS4zZcfY].mp4,10764,NA,
1_Poland_Lithuania_Mixed,2025-05-02 16:07:56.825,The game of Poland against Lithuania in the mixed division.,2709.967,Media file(s),player #1:C:/Users/basti/Desktop/Emmie/Poland vs Lithuania — MIXED Pool — European Ultimate Championships #EUC2023 [VIOlS4zZcfY].mp4,0.0,6485.000,30.000,17,1,16,,Successful_pass,,Mid,POINT,360.700,C:/Users/basti/Desktop/Emmie/Poland vs Lithuania — MIXED Pool — European Ultimate Championships #EUC2023 [VIOlS4zZcfY].mp4,10821,NA,
1_Poland_Lithuania_Mixed,2025-05-02 16:07:56.825,The game of Poland against Lithuania in the mixed division.,2709.967,Media file(s),player #1:C:/Users/basti/Desktop/Emmie/Poland vs Lithuania — MIXED Pool — European Ultimate Championships #EUC2023 [VIOlS4zZcfY].mp4,0.0,6485.000,30.000,17,1,16,,Successful_pass,,RZ_Off,POINT,365.400,C:/Users/basti/Desktop/Emmie/Poland vs Lithuania — MIXED Pool — European Ultimate Championships #EUC2023 [VIOlS4zZcfY].mp4,10962,NA,
1_Poland_Lithuania_Mixed,2025-05-02 16:07:56.825,The game of Poland against Lithuania in the mixed division.,2709.967,Media file(s),player #1:C:/Users/basti/Desktop/Emmie/Poland vs Lithuania — MIXED Pool — European Ultimate Championships #EUC2023 [VIOlS4zZcfY].mp4,0.0,6485.000,30.000,17,1,16,,Score,,,POINT,368.833,C:/Users/basti/Desktop/Emmie/Poland vs Lithuania — MIXED Pool — European Ultimate Championships #EUC2023 [VIOlS4zZcfY].mp4,11065,NA,
1_Poland_Lithuania_Mixed,2025-05-02 16:07:56.825,The game of Poland against Lithuania in the mixed division.,2709.967,Media file(s),player #1:C:/Users/basti/Desktop/Emmie/Poland vs Lithuania — MIXED Pool — European Ultimate Championships #EUC2023 [VIOlS4zZcfY].mp4,0.0,6485.000,30.000,17,1,16,,Successful_pass,,EZ_Off,POINT,368.833,C:/Users/basti/Desktop/Emmie/Poland vs Lithuania — MIXED Pool — European Ultimate Championships #EUC2023 [VIOlS4zZcfY].mp4,11065,NA,
1_Poland_Lithuania_Mixed,2025-05-02 16:07:56.825,The game of Poland against Lithuania in the mixed division.,2709.967,Media file(s),player #1:C:/Users/basti/Desktop/Emmie/Poland vs Lithuania — MIXED Pool — European Ultimate Championships #EUC2023 [VIOlS4zZcfY].mp4,0.0,6485.000,30.000,17,1,16,,Time_on_offense_teamA,,,STOP,441.833,C:/Users/basti/Desktop/Emmie/Poland vs Lithuania — MIXED Pool — European Ultimate Championships #EUC2023 [VIOlS4zZcfY].mp4,13255,NA,
1_Poland_Lithuania_Mixed,2025-05-02 16:07:56.825,The game of Poland against Lithuania in the mixed division.,2709.967,Media file(s),player #1:C:/Users/basti/Desktop/Emmie/Poland vs Lithuania — MIXED Pool — European Ultimate Championships #EUC2023 [VIOlS4zZcfY].mp4,0.0,6485.000,30.000,17,1,16,,Successful_pass,,Mid,POINT,443.000,C:/Users/basti/Desktop/Emmie/Poland vs Lithuania — MIXED Pool — European Ultimate Championships #EUC2023 [VIOlS4zZcfY].mp4,13290,NA,
1_Poland_Lithuania_Mixed,2025-05-02 16:07:56.825,The game of Poland against Lithuania in the mixed division.,2709.967,Media file(s),player #1:C:/Users/basti/Desktop/Emmie/Poland vs Lithuania — MIXED Pool — European Ultimate Championships #EUC2023 [VIOlS4zZcfY].mp4,0.0,6485.000,30.000,17,1,16,,Successful_pass,,Mid,POINT,448.433,C:/Users/basti/Desktop/Emmie/Poland vs Lithuania — MIXED Pool — European Ultimate Championships #EUC2023 [VIOlS4zZcfY].mp4,13453,NA,
1_Poland_Lithuania_Mixed,2025-05-02 16:07:56.825,The game of Poland against Lithuania in the mixed division.,2709.967,Media file(s),player #1:C:/Users/basti/Desktop/Emmie/Poland vs Lithuania — MIXED Pool — European Ultimate Championships #EUC2023 [VIOlS4zZcfY].mp4,0.0,6485.000,30.000,17,1,16,,Scoring_attempt,,None,POINT,454.233,C:/Users/basti/Desktop/Emmie/Poland vs Lithuania — MIXED Pool — European Ultimate Championships #EUC2023 [VIOlS4zZcfY].mp4,13627,NA,
1_Poland_Lithuania_Mixed,2025-05-02 16:07:56.825,The game of Poland against Lithuania in the mixed division.,2709.967,Media file(s),player #1:C:/Users/basti/Desktop/Emmie/Poland vs Lithuania — MIXED Pool — European Ultimate Championships #EUC2023 [VIOlS4zZcfY].mp4,0.0,6485.000,30.000,17,1,16,,Time_on_offense_teamA,,,START,454.233,C:/Users/basti/Desktop/Emmie/Poland vs Lithuania — MIXED Pool — European Ultimate Championships #EUC2023 [VIOlS4zZcfY].mp4,13627,NA,
1_Poland_Lithuania_Mixed,2025-05-02 16:07:56.825,The game of Poland against Lithuania in the mixed division.,2709.967,Media file(s),player #1:C:/Users/basti/Desktop/Emmie/Poland vs Lithuania — MIXED Pool — European Ultimate Championships #EUC2023 [VIOlS4zZcfY].mp4,0.0,6485.000,30.000,17,1,16,,Unforced_turnover,,EZ_Off,POINT,454.233,C:/Users/basti/Desktop/Emmie/Poland vs Lithuania — MIXED Pool — European Ultimate Championships #EUC2023 [VIOlS4zZcfY].mp4,13627,NA,
1_Poland_Lithuania_Mixed,2025-05-02 16:07:56.825,The game of Poland against Lithuania in the mixed division.,2709.967,Media file(s),player #1:C:/Users/basti/Desktop/Emmie/Poland vs Lithuania — MIXED Pool — European Ultimate Championships #EUC2023 [VIOlS4zZcfY].mp4,0.0,6485.000,30.000,17,1,16,,Successful_pass,,EZ_Def,POINT,497.333,C:/Users/basti/Desktop/Emmie/Poland vs Lithuania — MIXED Pool — European Ultimate Championships #EUC2023 [VIOlS4zZcfY].mp4,14920,NA,
1_Poland_Lithuania_Mixed,2025-05-02 16:07:56.825,The game of Poland against Lithuania in the mixed division.,2709.967,Media file(s),player #1:C:/Users/basti/Desktop/Emmie/Poland vs Lithuania — MIXED Pool — European Ultimate Championships #EUC2023 [VIOlS4zZcfY].mp4,0.0,6485.000,30.000,17,1,16,,Successful_pass,,EZ_Def,POINT,500.767,C:/Users/basti/Desktop/Emmie/Poland vs Lithuania — MIXED Pool — European Ultimate Championships #EUC2023 [VIOlS4zZcfY].mp4,15023,NA,
1_Poland_Lithuania_Mixed,2025-05-02 16:07:56.825,The game of Poland against Lithuania in the mixed division.,2709.967,Media file(s),player #1:C:/Users/basti/Desktop/Emmie/Poland vs Lithuania — MIXED Pool — European Ultimate Championships #EUC2023 [VIOlS4zZcfY].mp4,0.0,6485.000,30.000,17,1,16,,Successful_pass,,EZ_Def,POINT,503.667,C:/Users/basti/Desktop/Emmie/Poland vs Lithuania — MIXED Pool — European Ultimate Championships #EUC2023 [VIOlS4zZcfY].mp4,15110,NA,
1_Poland_Lithuania_Mixed,2025-05-02 16:07:56.825,The game of Poland against Lithuania in the mixed division.,2709.967,Media file(s),player #1:C:/Users/basti/Desktop/Emmie/Poland vs Lithuania — MIXED Pool — European Ultimate Championships #EUC2023 [VIOlS4zZcfY].mp4,0.0,6485.000,30.000,17,1,16,,Successful_pass,,EZ_Def,POINT,507.367,C:/Users/basti/Desktop/Emmie/Poland vs Lithuania — MIXED Pool — European Ultimate Championships #EUC2023 [VIOlS4zZcfY].mp4,15221,NA,
1_Poland_Lithuania_Mixed,2025-05-02 16:07:56.825,The game of Poland against Lithuania in the mixed division.,2709.967,Media file(s),player #1:C:/Users/basti/Desktop/Emmie/Poland vs Lithuania — MIXED Pool — European Ultimate Championships #EUC2023 [VIOlS4zZcfY].mp4,0.0,6485.000,30.000,17,1,16,,Successful_pass,,EZ_Def,POINT,514.800,C:/Users/basti/Desktop/Emmie/Poland vs Lithuania — MIXED Pool — European Ultimate Championships #EUC2023 [VIOlS4zZcfY].mp4,15444,NA,
1_Poland_Lithuania_Mixed,2025-05-02 16:07:56.825,The game of Poland against Lithuania in the mixed division.,2709.967,Media file(s),player #1:C:/Users/basti/Desktop/Emmie/Poland vs Lithuania — MIXED Pool — European Ultimate Championships #EUC2023 [VIOlS4zZcfY].mp4,0.0,6485.000,30.000,17,1,16,,Pass,,RZ_Def,POINT,517.700,C:/Users/basti/Desktop/Emmie/Poland vs Lithuania — MIXED Pool — European Ultimate Championships #EUC2023 [VIOlS4zZcfY].mp4,15531,NA,
1_Poland_Lithuania_Mixed,2025-05-02 16:07:56.825,The game of Poland against Lithuania in the mixed division.,2709.967,Media file(s),player #1:C:/Users/basti/Desktop/Emmie/Poland vs Lithuania — MIXED Pool — European Ultimate Championships #EUC2023 [VIOlS4zZcfY].mp4,0.0,6485.000,30.000,17,1,16,,Time_on_offense_teamA,,,STOP,517.700,C:/Users/basti/Desktop/Emmie/Poland vs Lithuania — MIXED Pool — European Ultimate Championships #EUC2023 [VIOlS4zZcfY].mp4,15531,NA,
1_Poland_Lithuania_Mixed,2025-05-02 16:07:56.825,The game of Poland against Lithuania in the mixed division.,2709.967,Media file(s),player #1:C:/Users/basti/Desktop/Emmie/Poland vs Lithuania — MIXED Pool — European Ultimate Championships #EUC2023 [VIOlS4zZcfY].mp4,0.0,6485.000,30.000,17,1,16,,Unforced_turnover,,RZ_Def,POINT,517.700,C:/Users/basti/Desktop/Emmie/Poland vs Lithuania — MIXED Pool — European Ultimate Championships #EUC2023 [VIOlS4zZcfY].mp4,15531,NA,
1_Poland_Lithuania_Mixed,2025-05-02 16:07:56.825,The game of Poland against Lithuania in the mixed division.,2709.967,Media file(s),player #1:C:/Users/basti/Desktop/Emmie/Poland vs Lithuania — MIXED Pool — European Ultimate Championships #EUC2023 [VIOlS4zZcfY].mp4,0.0,6485.000,30.000,17,1,16,,Score,,,POINT,565.967,C:/Users/basti/Desktop/Emmie/Poland vs Lithuania — MIXED Pool — European Ultimate Championships #EUC2023 [VIOlS4zZcfY].mp4,16979,NA,
1_Poland_Lithuania_Mixed,2025-05-02 16:07:56.825,The game of Poland against Lithuania in the mixed division.,2709.967,Media file(s),player #1:C:/Users/basti/Desktop/Emmie/Poland vs Lithuania — MIXED Pool — European Ultimate Championships #EUC2023 [VIOlS4zZcfY].mp4,0.0,6485.000,30.000,17,1,16,,Time_on_offense_teamA,,,START,647.867,C:/Users/basti/Desktop/Emmie/Poland vs Lithuania — MIXED Pool — European Ultimate Championships #EUC2023 [VIOlS4zZcfY].mp4,19436,NA,
1_Poland_Lithuania_Mixed,2025-05-02 16:07:56.825,The game of Poland against Lithuania in the mixed division.,2709.967,Media file(s),player #1:C:/Users/basti/Desktop/Emmie/Poland vs Lithuania — MIXED Pool — European Ultimate Championships #EUC2023 [VIOlS4zZcfY].mp4,0.0,6485.000,30.000,17,1,16,,Successful_pass,,RZ_Off,POINT,666.667,C:/Users/basti/Desktop/Emmie/Poland vs Lithuania — MIXED Pool — European Ultimate Championships #EUC2023 [VIOlS4zZcfY].mp4,20000,NA,
1_Poland_Lithuania_Mixed,2025-05-02 16:07:56.825,The game of Poland against Lithuania in the mixed division.,2709.967,Media file(s),player #1:C:/Users/basti/Desktop/Emmie/Poland vs Lithuania — MIXED Pool — European Ultimate Championships #EUC2023 [VIOlS4zZcfY].mp4,0.0,6485.000,30.000,17,1,16,,Successful_pass,,RZ_Off,POINT,668.000,C:/Users/basti/Desktop/Emmie/Poland vs Lithuania — MIXED Pool — European Ultimate Championships #EUC2023 [VIOlS4zZcfY].mp4,20040,NA,
1_Poland_Lithuania_Mixed,2025-05-02 16:07:56.825,The game of Poland against Lithuania in the mixed division.,2709.967,Media file(s),player #1:C:/Users/basti/Desktop/Emmie/Poland vs Lithuania — MIXED Pool — European Ultimate Championships #EUC2023 [VIOlS4zZcfY].mp4,0.0,6485.000,30.000,17,1,16,,Successful_pass,,RZ_Off,POINT,670.133,C:/Users/basti/Desktop/Emmie/Poland vs Lithuania — MIXED Pool — European Ultimate Championships #EUC2023 [VIOlS4zZcfY].mp4,20104,NA,
1_Poland_Lithuania_Mixed,2025-05-02 16:07:56.825,The game of Poland against Lithuania in the mixed division.,2709.967,Media file(s),player #1:C:/Users/basti/Desktop/Emmie/Poland vs Lithuania — MIXED Pool — European Ultimate Championships #EUC2023 [VIOlS4zZcfY].mp4,0.0,6485.000,30.000,17,1,16,,Successful_pass,,RZ_Off,POINT,675.033,C:/Users/basti/Desktop/Emmie/Poland vs Lithuania — MIXED Pool — European Ultimate Championships #EUC2023 [VIOlS4zZcfY].mp4,20251,NA,
1_Poland_Lithuania_Mixed,2025-05-02 16:07:56.825,The game of Poland against Lithuania in the mixed division.,2709.967,Media file(s),player #1:C:/Users/basti/Desktop/Emmie/Poland vs Lithuania — MIXED Pool — European Ultimate Championships #EUC2023 [VIOlS4zZcfY].mp4,0.0,6485.000,30.000,17,1,16,,Forced_turnover,,RZ_Off,POINT,678.367,C:/Users/basti/Desktop/Emmie/Poland vs Lithuania — MIXED Pool — European Ultimate Championships #EUC2023 [VIOlS4zZcfY].mp4,20351,NA,
1_Poland_Lithuania_Mixed,2025-05-02 16:07:56.825,The game of Poland against Lithuania in the mixed division.,2709.967,Media file(s),player #1:C:/Users/basti/Desktop/Emmie/Poland vs Lithuania — MIXED Pool — European Ultimate Championships #EUC2023 [VIOlS4zZcfY].mp4,0.0,6485.000,30.000,17,1,16,,Scoring_attempt,,RZ_Off,POINT,678.367,C:/Users/basti/Desktop/Emmie/Poland vs Lithuania — MIXED Pool — European Ultimate Championships #EUC2023 [VIOlS4zZcfY].mp4,20351,NA,
1_Poland_Lithuania_Mixed,2025-05-02 16:07:56.825,The game of Poland against Lithuania in the mixed division.,2709.967,Media file(s),player #1:C:/Users/basti/Desktop/Emmie/Poland vs Lithuania — MIXED Pool — European Ultimate Championships #EUC2023 [VIOlS4zZcfY].mp4,0.0,6485.000,30.000,17,1,16,,Time_on_offense_teamA,,,STOP,678.367,C:/Users/basti/Desktop/Emmie/Poland vs Lithuania — MIXED Pool — European Ultimate Championships #EUC2023 [VIOlS4zZcfY].mp4,20351,NA,
1_Poland_Lithuania_Mixed,2025-05-02 16:07:56.825,The game of Poland against Lithuania in the mixed division.,2709.967,Media file(s),player #1:C:/Users/basti/Desktop/Emmie/Poland vs Lithuania — MIXED Pool — European Ultimate Championships #EUC2023 [VIOlS4zZcfY].mp4,0.0,6485.000,30.000,17,1,16,,Successful_pass,,Mid,POINT,691.300,C:/Users/basti/Desktop/Emmie/Poland vs Lithuania — MIXED Pool — European Ultimate Championships #EUC2023 [VIOlS4zZcfY].mp4,20739,NA,
1_Poland_Lithuania_Mixed,2025-05-02 16:07:56.825,The game of Poland against Lithuania in the mixed division.,2709.967,Media file(s),player #1:C:/Users/basti/Desktop/Emmie/Poland vs Lithuania — MIXED Pool — European Ultimate Championships #EUC2023 [VIOlS4zZcfY].mp4,0.0,6485.000,30.000,17,1,16,,Successful_pass,,Mid,POINT,692.733,C:/Users/basti/Desktop/Emmie/Poland vs Lithuania — MIXED Pool — European Ultimate Championships #EUC2023 [VIOlS4zZcfY].mp4,20782,NA,
1_Poland_Lithuania_Mixed,2025-05-02 16:07:56.825,The game of Poland against Lithuania in the mixed division.,2709.967,Media file(s),player #1:C:/Users/basti/Desktop/Emmie/Poland vs Lithuania — MIXED Pool — European Ultimate Championships #EUC2023 [VIOlS4zZcfY].mp4,0.0,6485.000,30.000,17,1,16,,Successful_pass,,Mid,POINT,694.167,C:/Users/basti/Desktop/Emmie/Poland vs Lithuania — MIXED Pool — European Ultimate Championships #EUC2023 [VIOlS4zZcfY].mp4,20825,NA,
1_Poland_Lithuania_Mixed,2025-05-02 16:07:56.825,The game of Poland against Lithuania in the mixed division.,2709.967,Media file(s),player #1:C:/Users/basti/Desktop/Emmie/Poland vs Lithuania — MIXED Pool — European Ultimate Championships #EUC2023 [VIOlS4zZcfY].mp4,0.0,6485.000,30.000,17,1,16,,Successful_pass,,Mid,POINT,698.067,C:/Users/basti/Desktop/Emmie/Poland vs Lithuania — MIXED Pool — European Ultimate Championships #EUC2023 [VIOlS4zZcfY].mp4,20942,NA,
1_Poland_Lithuania_Mixed,2025-05-02 16:07:56.825,The game of Poland against Lithuania in the mixed division.,2709.967,Media file(s),player #1:C:/Users/basti/Desktop/Emmie/Poland vs Lithuania — MIXED Pool — European Ultimate Championships #EUC2023 [VIOlS4zZcfY].mp4,0.0,6485.000,30.000,17,1,16,,Successful_pass,,Mid,POINT,700.767,C:/Users/basti/Desktop/Emmie/Poland vs Lithuania — MIXED Pool — European Ultimate Championships #EUC2023 [VIOlS4zZcfY].mp4,21023,NA,
1_Poland_Lithuania_Mixed,2025-05-02 16:07:56.825,The game of Poland against Lithuania in the mixed division.,2709.967,Media file(s),player #1:C:/Users/basti/Desktop/Emmie/Poland vs Lithuania — MIXED Pool — European Ultimate Championships #EUC2023 [VIOlS4zZcfY].mp4,0.0,6485.000,30.000,17,1,16,,Successful_pass,,Mid,POINT,705.467,C:/Users/basti/Desktop/Emmie/Poland vs Lithuania — MIXED Pool — European Ultimate Championships #EUC2023 [VIOlS4zZcfY].mp4,21164,NA,
1_Poland_Lithuania_Mixed,2025-05-02 16:07:56.825,The game of Poland against Lithuania in the mixed division.,2709.967,Media file(s),player #1:C:/Users/basti/Desktop/Emmie/Poland vs Lithuania — MIXED Pool — European Ultimate Championships #EUC2023 [VIOlS4zZcfY].mp4,0.0,6485.000,30.000,17,1,16,,Successful_pass,,RZ_Off,POINT,712.933,C:/Users/basti/Desktop/Emmie/Poland vs Lithuania — MIXED Pool — European Ultimate Championships #EUC2023 [VIOlS4zZcfY].mp4,21388,NA,
1_Poland_Lithuania_Mixed,2025-05-02 16:07:56.825,The game of Poland against Lithuania in the mixed division.,2709.967,Media file(s),player #1:C:/Users/basti/Desktop/Emmie/Poland vs Lithuania — MIXED Pool — European Ultimate Championships #EUC2023 [VIOlS4zZcfY].mp4,0.0,6485.000,30.000,17,1,16,,Successful_pass,,Mid,POINT,720.733,C:/Users/basti/Desktop/Emmie/Poland vs Lithuania — MIXED Pool — European Ultimate Championships #EUC2023 [VIOlS4zZcfY].mp4,21622,NA,
1_Poland_Lithuania_Mixed,2025-05-02 16:07:56.825,The game of Poland against Lithuania in the mixed division.,2709.967,Media file(s),player #1:C:/Users/basti/Desktop/Emmie/Poland vs Lithuania — MIXED Pool — European Ultimate Championships #EUC2023 [VIOlS4zZcfY].mp4,0.0,6485.000,30.000,17,1,16,,Successful_pass,,RZ_Off,POINT,725.833,C:/Users/basti/Desktop/Emmie/Poland vs Lithuania — MIXED Pool — European Ultimate Championships #EUC2023 [VIOlS4zZcfY].mp4,21775,NA,
1_Poland_Lithuania_Mixed,2025-05-02 16:07:56.825,The game of Poland against Lithuania in the mixed division.,2709.967,Media file(s),player #1:C:/Users/basti/Desktop/Emmie/Poland vs Lithuania — MIXED Pool — European Ultimate Championships #EUC2023 [VIOlS4zZcfY].mp4,0.0,6485.000,30.000,17,1,16,,Forced_turnover,,RZ_Off,POINT,750.333,C:/Users/basti/Desktop/Emmie/Poland vs Lithuania — MIXED Pool — European Ultimate Championships #EUC2023 [VIOlS4zZcfY].mp4,22510,NA,
1_Poland_Lithuania_Mixed,2025-05-02 16:07:56.825,The game of Poland against Lithuania in the mixed division.,2709.967,Media file(s),player #1:C:/Users/basti/Desktop/Emmie/Poland vs Lithuania — MIXED Pool — European Ultimate Championships #EUC2023 [VIOlS4zZcfY].mp4,0.0,6485.000,30.000,17,1,16,,Pass,,RZ_Off,POINT,750.333,C:/Users/basti/Desktop/Emmie/Poland vs Lithuania — MIXED Pool — European Ultimate Championships #EUC2023 [VIOlS4zZcfY].mp4,22510,NA,
1_Poland_Lithuania_Mixed,2025-05-02 16:07:56.825,The game of Poland against Lithuania in the mixed division.,2709.967,Media file(s),player #1:C:/Users/basti/Desktop/Emmie/Poland vs Lithuania — MIXED Pool — European Ultimate Championships #EUC2023 [VIOlS4zZcfY].mp4,0.0,6485.000,30.000,17,1,16,,Time_on_offense_teamA,,,START,750.333,C:/Users/basti/Desktop/Emmie/Poland vs Lithuania — MIXED Pool — European Ultimate Championships #EUC2023 [VIOlS4zZcfY].mp4,22510,NA,
1_Poland_Lithuania_Mixed,2025-05-02 16:07:56.825,The game of Poland against Lithuania in the mixed division.,2709.967,Media file(s),player #1:C:/Users/basti/Desktop/Emmie/Poland vs Lithuania — MIXED Pool — European Ultimate Championships #EUC2023 [VIOlS4zZcfY].mp4,0.0,6485.000,30.000,17,1,16,,Successful_pass,,RZ_Def,POINT,768.800,C:/Users/basti/Desktop/Emmie/Poland vs Lithuania — MIXED Pool — European Ultimate Championships #EUC2023 [VIOlS4zZcfY].mp4,23064,NA,
1_Poland_Lithuania_Mixed,2025-05-02 16:07:56.825,The game of Poland against Lithuania in the mixed division.,2709.967,Media file(s),player #1:C:/Users/basti/Desktop/Emmie/Poland vs Lithuania — MIXED Pool — European Ultimate Championships #EUC2023 [VIOlS4zZcfY].mp4,0.0,6485.000,30.000,17,1,16,,Successful_pass,,RZ_Def,POINT,771.000,C:/Users/basti/Desktop/Emmie/Poland vs Lithuania — MIXED Pool — European Ultimate Championships #EUC2023 [VIOlS4zZcfY].mp4,23130,NA,
1_Poland_Lithuania_Mixed,2025-05-02 16:07:56.825,The game of Poland against Lithuania in the mixed division.,2709.967,Media file(s),player #1:C:/Users/basti/Desktop/Emmie/Poland vs Lithuania — MIXED Pool — European Ultimate Championships #EUC2023 [VIOlS4zZcfY].mp4,0.0,6485.000,30.000,17,1,16,,Successful_pass,,Mid,POINT,774.167,C:/Users/basti/Desktop/Emmie/Poland vs Lithuania — MIXED Pool — European Ultimate Championships #EUC2023 [VIOlS4zZcfY].mp4,23225,NA,
1_Poland_Lithuania_Mixed,2025-05-02 16:07:56.825,The game of Poland against Lithuania in the mixed division.,2709.967,Media file(s),player #1:C:/Users/basti/Desktop/Emmie/Poland vs Lithuania — MIXED Pool — European Ultimate Championships #EUC2023 [VIOlS4zZcfY].mp4,0.0,6485.000,30.000,17,1,16,,Successful_pass,,Mid,POINT,780.300,C:/Users/basti/Desktop/Emmie/Poland vs Lithuania — MIXED Pool — European Ultimate Championships #EUC2023 [VIOlS4zZcfY].mp4,23409,NA,
1_Poland_Lithuania_Mixed,2025-05-02 16:07:56.825,The game of Poland against Lithuania in the mixed division.,2709.967,Media file(s),player #1:C:/Users/basti/Desktop/Emmie/Poland vs Lithuania — MIXED Pool — European Ultimate Championships #EUC2023 [VIOlS4zZcfY].mp4,0.0,6485.000,30.000,17,1,16,,Score,,,POINT,785.000,C:/Users/basti/Desktop/Emmie/Poland vs Lithuania — MIXED Pool — European Ultimate Championships #EUC2023 [VIOlS4zZcfY].mp4,23550,NA,
1_Poland_Lithuania_Mixed,2025-05-02 16:07:56.825,The game of Poland against Lithuania in the mixed division.,2709.967,Media file(s),player #1:C:/Users/basti/Desktop/Emmie/Poland vs Lithuania — MIXED Pool — European Ultimate Championships #EUC2023 [VIOlS4zZcfY].mp4,0.0,6485.000,30.000,17,1,16,,Time_on_offense_teamA,,,STOP,862.467,C:/Users/basti/Desktop/Emmie/Poland vs Lithuania — MIXED Pool — European Ultimate Championships #EUC2023 [VIOlS4zZcfY].mp4,25874,NA,
1_Poland_Lithuania_Mixed,2025-05-02 16:07:56.825,The game of Poland against Lithuania in the mixed division.,2709.967,Media file(s),player #1:C:/Users/basti/Desktop/Emmie/Poland vs Lithuania — MIXED Pool — European Ultimate Championships #EUC2023 [VIOlS4zZcfY].mp4,0.0,6485.000,30.000,17,1,16,,Successful_pass,,Mid,POINT,869.167,C:/Users/basti/Desktop/Emmie/Poland vs Lithuania — MIXED Pool — European Ultimate Championships #EUC2023 [VIOlS4zZcfY].mp4,26075,NA,
1_Poland_Lithuania_Mixed,2025-05-02 16:07:56.825,The game of Poland against Lithuania in the mixed division.,2709.967,Media file(s),player #1:C:/Users/basti/Desktop/Emmie/Poland vs Lithuania — MIXED Pool — European Ultimate Championships #EUC2023 [VIOlS4zZcfY].mp4,0.0,6485.000,30.000,17,1,16,,Successful_pass,,Mid,POINT,872.533,C:/Users/basti/Desktop/Emmie/Poland vs Lithuania — MIXED Pool — European Ultimate Championships #EUC2023 [VIOlS4zZcfY].mp4,26176,NA,
1_Poland_Lithuania_Mixed,2025-05-02 16:07:56.825,The game of Poland against Lithuania in the mixed division.,2709.967,Media file(s),player #1:C:/Users/basti/Desktop/Emmie/Poland vs Lithuania — MIXED Pool — European Ultimate Championships #EUC2023 [VIOlS4zZcfY].mp4,0.0,6485.000,30.000,17,1,16,,Successful_pass,,Mid,POINT,875.800,C:/Users/basti/Desktop/Emmie/Poland vs Lithuania — MIXED Pool — European Ultimate Championships #EUC2023 [VIOlS4zZcfY].mp4,26274,NA,
1_Poland_Lithuania_Mixed,2025-05-02 16:07:56.825,The game of Poland against Lithuania in the mixed division.,2709.967,Media file(s),player #1:C:/Users/basti/Desktop/Emmie/Poland vs Lithuania — MIXED Pool — European Ultimate Championships #EUC2023 [VIOlS4zZcfY].mp4,0.0,6485.000,30.000,17,1,16,,Successful_pass,,Mid,POINT,880.800,C:/Users/basti/Desktop/Emmie/Poland vs Lithuania — MIXED Pool — European Ultimate Championships #EUC2023 [VIOlS4zZcfY].mp4,26424,NA,
1_Poland_Lithuania_Mixed,2025-05-02 16:07:56.825,The game of Poland against Lithuania in the mixed division.,2709.967,Media file(s),player #1:C:/Users/basti/Desktop/Emmie/Poland vs Lithuania — MIXED Pool — European Ultimate Championships #EUC2023 [VIOlS4zZcfY].mp4,0.0,6485.000,30.000,17,1,16,,Successful_pass,,Mid,POINT,882.300,C:/Users/basti/Desktop/Emmie/Poland vs Lithuania — MIXED Pool — European Ultimate Championships #EUC2023 [VIOlS4zZcfY].mp4,26469,NA,
1_Poland_Lithuania_Mixed,2025-05-02 16:07:56.825,The game of Poland against Lithuania in the mixed division.,2709.967,Media file(s),player #1:C:/Users/basti/Desktop/Emmie/Poland vs Lithuania — MIXED Pool — European Ultimate Championships #EUC2023 [VIOlS4zZcfY].mp4,0.0,6485.000,30.000,17,1,16,,Score,,,POINT,886.867,C:/Users/basti/Desktop/Emmie/Poland vs Lithuania — MIXED Pool — European Ultimate Championships #EUC2023 [VIOlS4zZcfY].mp4,26606,NA,
1_Poland_Lithuania_Mixed,2025-05-02 16:07:56.825,The game of Poland against Lithuania in the mixed division.,2709.967,Media file(s),player #1:C:/Users/basti/Desktop/Emmie/Poland vs Lithuania — MIXED Pool — European Ultimate Championships #EUC2023 [VIOlS4zZcfY].mp4,0.0,6485.000,30.000,17,1,16,,Time_on_offense_teamA,,,START,974.900,C:/Users/basti/Desktop/Emmie/Poland vs Lithuania — MIXED Pool — European Ultimate Championships #EUC2023 [VIOlS4zZcfY].mp4,29248,NA,
1_Poland_Lithuania_Mixed,2025-05-02 16:07:56.825,The game of Poland against Lithuania in the mixed division.,2709.967,Media file(s),player #1:C:/Users/basti/Desktop/Emmie/Poland vs Lithuania — MIXED Pool — European Ultimate Championships #EUC2023 [VIOlS4zZcfY].mp4,0.0,6485.000,30.000,17,1,16,,Successful_pass,,Mid,POINT,987.500,C:/Users/basti/Desktop/Emmie/Poland vs Lithuania — MIXED Pool — European Ultimate Championships #EUC2023 [VIOlS4zZcfY].mp4,29625,NA,
1_Poland_Lithuania_Mixed,2025-05-02 16:07:56.825,The game of Poland against Lithuania in the mixed division.,2709.967,Media file(s),player #1:C:/Users/basti/Desktop/Emmie/Poland vs Lithuania — MIXED Pool — European Ultimate Championships #EUC2023 [VIOlS4zZcfY].mp4,0.0,6485.000,30.000,17,1,16,,Successful_pass,,Mid,POINT,992.733,C:/Users/basti/Desktop/Emmie/Poland vs Lithuania — MIXED Pool — European Ultimate Championships #EUC2023 [VIOlS4zZcfY].mp4,29782,NA,
1_Poland_Lithuania_Mixed,2025-05-02 16:07:56.825,The game of Poland against Lithuania in the mixed division.,2709.967,Media file(s),player #1:C:/Users/basti/Desktop/Emmie/Poland vs Lithuania — MIXED Pool — European Ultimate Championships #EUC2023 [VIOlS4zZcfY].mp4,0.0,6485.000,30.000,17,1,16,,Successful_pass,,Mid,POINT,999.200,C:/Users/basti/Desktop/Emmie/Poland vs Lithuania — MIXED Pool — European Ultimate Championships #EUC2023 [VIOlS4zZcfY].mp4,29976,NA,
1_Poland_Lithuania_Mixed,2025-05-02 16:07:56.825,The game of Poland against Lithuania in the mixed division.,2709.967,Media file(s),player #1:C:/Users/basti/Desktop/Emmie/Poland vs Lithuania — MIXED Pool — European Ultimate Championships #EUC2023 [VIOlS4zZcfY].mp4,0.0,6485.000,30.000,17,1,16,,Successful_pass,,RZ_Off,POINT,1003.133,C:/Users/basti/Desktop/Emmie/Poland vs Lithuania — MIXED Pool — European Ultimate Championships #EUC2023 [VIOlS4zZcfY].mp4,30094,NA,
1_Poland_Lithuania_Mixed,2025-05-02 16:07:56.825,The game of Poland against Lithuania in the mixed division.,2709.967,Media file(s),player #1:C:/Users/basti/Desktop/Emmie/Poland vs Lithuania — MIXED Pool — European Ultimate Championships #EUC2023 [VIOlS4zZcfY].mp4,0.0,6485.000,30.000,17,1,16,,Successful_pass,,RZ_Off,POINT,1004.800,C:/Users/basti/Desktop/Emmie/Poland vs Lithuania — MIXED Pool — European Ultimate Championships #EUC2023 [VIOlS4zZcfY].mp4,30144,NA,
1_Poland_Lithuania_Mixed,2025-05-02 16:07:56.825,The game of Poland against Lithuania in the mixed division.,2709.967,Media file(s),player #1:C:/Users/basti/Desktop/Emmie/Poland vs Lithuania — MIXED Pool — European Ultimate Championships #EUC2023 [VIOlS4zZcfY].mp4,0.0,6485.000,30.000,17,1,16,,Successful_pass,,RZ_Off,POINT,1008.167,C:/Users/basti/Desktop/Emmie/Poland vs Lithuania — MIXED Pool — European Ultimate Championships #EUC2023 [VIOlS4zZcfY].mp4,30245,NA,
1_Poland_Lithuania_Mixed,2025-05-02 16:07:56.825,The game of Poland against Lithuania in the mixed division.,2709.967,Media file(s),player #1:C:/Users/basti/Desktop/Emmie/Poland vs Lithuania — MIXED Pool — European Ultimate Championships #EUC2023 [VIOlS4zZcfY].mp4,0.0,6485.000,30.000,17,1,16,,Successful_pass,,RZ_Off,POINT,1014.900,C:/Users/basti/Desktop/Emmie/Poland vs Lithuania — MIXED Pool — European Ultimate Championships #EUC2023 [VIOlS4zZcfY].mp4,30447,NA,
1_Poland_Lithuania_Mixed,2025-05-02 16:07:56.825,The game of Poland against Lithuania in the mixed division.,2709.967,Media file(s),player #1:C:/Users/basti/Desktop/Emmie/Poland vs Lithuania — MIXED Pool — European Ultimate Championships #EUC2023 [VIOlS4zZcfY].mp4,0.0,6485.000,30.000,17,1,16,,Score,,,POINT,1038.967,C:/Users/basti/Desktop/Emmie/Poland vs Lithuania — MIXED Pool — European Ultimate Championships #EUC2023 [VIOlS4zZcfY].mp4,31169,NA,
1_Poland_Lithuania_Mixed,2025-05-02 16:07:56.825,The game of Poland against Lithuania in the mixed division.,2709.967,Media file(s),player #1:C:/Users/basti/Desktop/Emmie/Poland vs Lithuania — MIXED Pool — European Ultimate Championships #EUC2023 [VIOlS4zZcfY].mp4,0.0,6485.000,30.000,17,1,16,,Time_on_offense_teamA,,,STOP,1112.967,C:/Users/basti/Desktop/Emmie/Poland vs Lithuania — MIXED Pool — European Ultimate Championships #EUC2023 [VIOlS4zZcfY].mp4,33389,NA,
1_Poland_Lithuania_Mixed,2025-05-02 16:07:56.825,The game of Poland against Lithuania in the mixed division.,2709.967,Media file(s),player #1:C:/Users/basti/Desktop/Emmie/Poland vs Lithuania — MIXED Pool — European Ultimate Championships #EUC2023 [VIOlS4zZcfY].mp4,0.0,6485.000,30.000,17,1,16,,Successful_pass,,RZ_Def,POINT,1113.867,C:/Users/basti/Desktop/Emmie/Poland vs Lithuania — MIXED Pool — European Ultimate Championships #EUC2023 [VIOlS4zZcfY].mp4,33416,NA,
1_Poland_Lithuania_Mixed,2025-05-02 16:07:56.825,The game of Poland against Lithuania in the mixed division.,2709.967,Media file(s),player #1:C:/Users/basti/Desktop/Emmie/Poland vs Lithuania — MIXED Pool — European Ultimate Championships #EUC2023 [VIOlS4zZcfY].mp4,0.0,6485.000,30.000,17,1,16,,Successful_pass,,Mid,POINT,1115.500,C:/Users/basti/Desktop/Emmie/Poland vs Lithuania — MIXED Pool — European Ultimate Championships #EUC2023 [VIOlS4zZcfY].mp4,33465,NA,
1_Poland_Lithuania_Mixed,2025-05-02 16:07:56.825,The game of Poland against Lithuania in the mixed division.,2709.967,Media file(s),player #1:C:/Users/basti/Desktop/Emmie/Poland vs Lithuania — MIXED Pool — European Ultimate Championships #EUC2023 [VIOlS4zZcfY].mp4,0.0,6485.000,30.000,17,1,16,,Successful_pass,,Mid,POINT,1117.067,C:/Users/basti/Desktop/Emmie/Poland vs Lithuania — MIXED Pool — European Ultimate Championships #EUC2023 [VIOlS4zZcfY].mp4,33512,NA,
1_Poland_Lithuania_Mixed,2025-05-02 16:07:56.825,The game of Poland against Lithuania in the mixed division.,2709.967,Media file(s),player #1:C:/Users/basti/Desktop/Emmie/Poland vs Lithuania — MIXED Pool — European Ultimate Championships #EUC2023 [VIOlS4zZcfY].mp4,0.0,6485.000,30.000,17,1,16,,Successful_pass,,Mid,POINT,1120.933,C:/Users/basti/Desktop/Emmie/Poland vs Lithuania — MIXED Pool — European Ultimate Championships #EUC2023 [VIOlS4zZcfY].mp4,33628,NA,
1_Poland_Lithuania_Mixed,2025-05-02 16:07:56.825,The game of Poland against Lithuania in the mixed division.,2709.967,Media file(s),player #1:C:/Users/basti/Desktop/Emmie/Poland vs Lithuania — MIXED Pool — European Ultimate Championships #EUC2023 [VIOlS4zZcfY].mp4,0.0,6485.000,30.000,17,1,16,,Score,,,POINT,1126.233,C:/Users/basti/Desktop/Emmie/Poland vs Lithuania — MIXED Pool — European Ultimate Championships #EUC2023 [VIOlS4zZcfY].mp4,33787,NA,
1_Poland_Lithuania_Mixed,2025-05-02 16:07:56.825,The game of Poland against Lithuania in the mixed division.,2709.967,Media file(s),player #1:C:/Users/basti/Desktop/Emmie/Poland vs Lithuania — MIXED Pool — European Ultimate Championships #EUC2023 [VIOlS4zZcfY].mp4,0.0,6485.000,30.000,17,1,16,,Time_on_offense_teamA,,,START,1205.100,C:/Users/basti/Desktop/Emmie/Poland vs Lithuania — MIXED Pool — European Ultimate Championships #EUC2023 [VIOlS4zZcfY].mp4,36153,NA,
1_Poland_Lithuania_Mixed,2025-05-02 16:07:56.825,The game of Poland against Lithuania in the mixed division.,2709.967,Media file(s),player #1:C:/Users/basti/Desktop/Emmie/Poland vs Lithuania — MIXED Pool — European Ultimate Championships #EUC2023 [VIOlS4zZcfY].mp4,0.0,6485.000,30.000,17,1,16,,Successful_pass,,Mid,POINT,1208.100,C:/Users/basti/Desktop/Emmie/Poland vs Lithuania — MIXED Pool — European Ultimate Championships #EUC2023 [VIOlS4zZcfY].mp4,36243,NA,
1_Poland_Lithuania_Mixed,2025-05-02 16:07:56.825,The game of Poland against Lithuania in the mixed division.,2709.967,Media file(s),player #1:C:/Users/basti/Desktop/Emmie/Poland vs Lithuania — MIXED Pool — European Ultimate Championships #EUC2023 [VIOlS4zZcfY].mp4,0.0,6485.000,30.000,17,1,16,,Successful_pass,,Mid,POINT,1210.600,C:/Users/basti/Desktop/Emmie/Poland vs Lithuania — MIXED Pool — European Ultimate Championships #EUC2023 [VIOlS4zZcfY].mp4,36318,NA,
1_Poland_Lithuania_Mixed,2025-05-02 16:07:56.825,The game of Poland against Lithuania in the mixed division.,2709.967,Media file(s),player #1:C:/Users/basti/Desktop/Emmie/Poland vs Lithuania — MIXED Pool — European Ultimate Championships #EUC2023 [VIOlS4zZcfY].mp4,0.0,6485.000,30.000,17,1,16,,Successful_pass,,Mid,POINT,1214.633,C:/Users/basti/Desktop/Emmie/Poland vs Lithuania — MIXED Pool — European Ultimate Championships #EUC2023 [VIOlS4zZcfY].mp4,36439,NA,
1_Poland_Lithuania_Mixed,2025-05-02 16:07:56.825,The game of Poland against Lithuania in the mixed division.,2709.967,Media file(s),player #1:C:/Users/basti/Desktop/Emmie/Poland vs Lithuania — MIXED Pool — European Ultimate Championships #EUC2023 [VIOlS4zZcfY].mp4,0.0,6485.000,30.000,17,1,16,,Successful_pass,,RZ_Off,POINT,1217.733,C:/Users/basti/Desktop/Emmie/Poland vs Lithuania — MIXED Pool — European Ultimate Championships #EUC2023 [VIOlS4zZcfY].mp4,36532,NA,
1_Poland_Lithuania_Mixed,2025-05-02 16:07:56.825,The game of Poland against Lithuania in the mixed division.,2709.967,Media file(s),player #1:C:/Users/basti/Desktop/Emmie/Poland vs Lithuania — MIXED Pool — European Ultimate Championships #EUC2023 [VIOlS4zZcfY].mp4,0.0,6485.000,30.000,17,1,16,,Score,,,POINT,1220.400,C:/Users/basti/Desktop/Emmie/Poland vs Lithuania — MIXED Pool — European Ultimate Championships #EUC2023 [VIOlS4zZcfY].mp4,36612,NA,
1_Poland_Lithuania_Mixed,2025-05-02 16:07:56.825,The game of Poland against Lithuania in the mixed division.,2709.967,Media file(s),player #1:C:/Users/basti/Desktop/Emmie/Poland vs Lithuania — MIXED Pool — European Ultimate Championships #EUC2023 [VIOlS4zZcfY].mp4,0.0,6485.000,30.000,17,1,16,,Time_on_offense_teamA,,,STOP,1296.033,C:/Users/basti/Desktop/Emmie/Poland vs Lithuania — MIXED Pool — European Ultimate Championships #EUC2023 [VIOlS4zZcfY].mp4,38881,NA,
1_Poland_Lithuania_Mixed,2025-05-02 16:07:56.825,The game of Poland against Lithuania in the mixed division.,2709.967,Media file(s),player #1:C:/Users/basti/Desktop/Emmie/Poland vs Lithuania — MIXED Pool — European Ultimate Championships #EUC2023 [VIOlS4zZcfY].mp4,0.0,6485.000,30.000,17,1,16,,Successful_pass,,Mid,POINT,1307.000,C:/Users/basti/Desktop/Emmie/Poland vs Lithuania — MIXED Pool — European Ultimate Championships #EUC2023 [VIOlS4zZcfY].mp4,39210,NA,
1_Poland_Lithuania_Mixed,2025-05-02 16:07:56.825,The game of Poland against Lithuania in the mixed division.,2709.967,Media file(s),player #1:C:/Users/basti/Desktop/Emmie/Poland vs Lithuania — MIXED Pool — European Ultimate Championships #EUC2023 [VIOlS4zZcfY].mp4,0.0,6485.000,30.000,17,1,16,,Score,,,POINT,1315.533,C:/Users/basti/Desktop/Emmie/Poland vs Lithuania — MIXED Pool — European Ultimate Championships #EUC2023 [VIOlS4zZcfY].mp4,39466,NA,
1_Poland_Lithuania_Mixed,2025-05-02 16:07:56.825,The game of Poland against Lithuania in the mixed division.,2709.967,Media file(s),player #1:C:/Users/basti/Desktop/Emmie/Poland vs Lithuania — MIXED Pool — European Ultimate Championships #EUC2023 [VIOlS4zZcfY].mp4,0.0,6485.000,30.000,17,1,16,,Time_on_offense_teamA,,,START,1386.233,C:/Users/basti/Desktop/Emmie/Poland vs Lithuania — MIXED Pool — European Ultimate Championships #EUC2023 [VIOlS4zZcfY].mp4,41587,NA,
1_Poland_Lithuania_Mixed,2025-05-02 16:07:56.825,The game of Poland against Lithuania in the mixed division.,2709.967,Media file(s),player #1:C:/Users/basti/Desktop/Emmie/Poland vs Lithuania — MIXED Pool — European Ultimate Championships #EUC2023 [VIOlS4zZcfY].mp4,0.0,6485.000,30.000,17,1,16,,Successful_pass,,Mid,POINT,1398.167,C:/Users/basti/Desktop/Emmie/Poland vs Lithuania — MIXED Pool — European Ultimate Championships #EUC2023 [VIOlS4zZcfY].mp4,41945,NA,
1_Poland_Lithuania_Mixed,2025-05-02 16:07:56.825,The game of Poland against Lithuania in the mixed division.,2709.967,Media file(s),player #1:C:/Users/basti/Desktop/Emmie/Poland vs Lithuania — MIXED Pool — European Ultimate Championships #EUC2023 [VIOlS4zZcfY].mp4,0.0,6485.000,30.000,17,1,16,,Successful_pass,,Mid,POINT,1402.333,C:/Users/basti/Desktop/Emmie/Poland vs Lithuania — MIXED Pool — European Ultimate Championships #EUC2023 [VIOlS4zZcfY].mp4,42070,NA,
1_Poland_Lithuania_Mixed,2025-05-02 16:07:56.825,The game of Poland against Lithuania in the mixed division.,2709.967,Media file(s),player #1:C:/Users/basti/Desktop/Emmie/Poland vs Lithuania — MIXED Pool — European Ultimate Championships #EUC2023 [VIOlS4zZcfY].mp4,0.0,6485.000,30.000,17,1,16,,Successful_pass,,Mid,POINT,1406.233,C:/Users/basti/Desktop/Emmie/Poland vs Lithuania — MIXED Pool — European Ultimate Championships #EUC2023 [VIOlS4zZcfY].mp4,42187,NA,
1_Poland_Lithuania_Mixed,2025-05-02 16:07:56.825,The game of Poland against Lithuania in the mixed division.,2709.967,Media file(s),player #1:C:/Users/basti/Desktop/Emmie/Poland vs Lithuania — MIXED Pool — European Ultimate Championships #EUC2023 [VIOlS4zZcfY].mp4,0.0,6485.000,30.000,17,1,16,,Successful_pass,,Mid,POINT,1411.800,C:/Users/basti/Desktop/Emmie/Poland vs Lithuania — MIXED Pool — European Ultimate Championships #EUC2023 [VIOlS4zZcfY].mp4,42354,NA,
1_Poland_Lithuania_Mixed,2025-05-02 16:07:56.825,The game of Poland against Lithuania in the mixed division.,2709.967,Media file(s),player #1:C:/Users/basti/Desktop/Emmie/Poland vs Lithuania — MIXED Pool — European Ultimate Championships #EUC2023 [VIOlS4zZcfY].mp4,0.0,6485.000,30.000,17,1,16,,Successful_pass,,Mid,POINT,1441.967,C:/Users/basti/Desktop/Emmie/Poland vs Lithuania — MIXED Pool — European Ultimate Championships #EUC2023 [VIOlS4zZcfY].mp4,43259,NA,
1_Poland_Lithuania_Mixed,2025-05-02 16:07:56.825,The game of Poland against Lithuania in the mixed division.,2709.967,Media file(s),player #1:C:/Users/basti/Desktop/Emmie/Poland vs Lithuania — MIXED Pool — European Ultimate Championships #EUC2023 [VIOlS4zZcfY].mp4,0.0,6485.000,30.000,17,1,16,,Score,,,POINT,1445.333,C:/Users/basti/Desktop/Emmie/Poland vs Lithuania — MIXED Pool — European Ultimate Championships #EUC2023 [VIOlS4zZcfY].mp4,43360,NA,
1_Poland_Lithuania_Mixed,2025-05-02 16:07:56.825,The game of Poland against Lithuania in the mixed division.,2709.967,Media file(s),player #1:C:/Users/basti/Desktop/Emmie/Poland vs Lithuania — MIXED Pool — European Ultimate Championships #EUC2023 [VIOlS4zZcfY].mp4,0.0,6485.000,30.000,17,1,16,,Time_on_offense_teamA,,,STOP,1523.100,C:/Users/basti/Desktop/Emmie/Poland vs Lithuania — MIXED Pool — European Ultimate Championships #EUC2023 [VIOlS4zZcfY].mp4,45694,NA,
1_Poland_Lithuania_Mixed,2025-05-02 16:07:56.825,The game of Poland against Lithuania in the mixed division.,2709.967,Media file(s),player #1:C:/Users/basti/Desktop/Emmie/Poland vs Lithuania — MIXED Pool — European Ultimate Championships #EUC2023 [VIOlS4zZcfY].mp4,0.0,6485.000,30.000,17,1,16,,Forced_turnover,,RZ_Off,POINT,1530.200,C:/Users/basti/Desktop/Emmie/Poland vs Lithuania — MIXED Pool — European Ultimate Championships #EUC2023 [VIOlS4zZcfY].mp4,45906,NA,
1_Poland_Lithuania_Mixed,2025-05-02 16:07:56.825,The game of Poland against Lithuania in the mixed division.,2709.967,Media file(s),player #1:C:/Users/basti/Desktop/Emmie/Poland vs Lithuania — MIXED Pool — European Ultimate Championships #EUC2023 [VIOlS4zZcfY].mp4,0.0,6485.000,30.000,17,1,16,,Time_on_offense_teamA,,,START,1530.200,C:/Users/basti/Desktop/Emmie/Poland vs Lithuania — MIXED Pool — European Ultimate Championships #EUC2023 [VIOlS4zZcfY].mp4,45906,NA,was just a too far throw but defensive did tap it away: is it forced or unforced?
1_Poland_Lithuania_Mixed,2025-05-02 16:07:56.825,The game of Poland against Lithuania in the mixed division.,2709.967,Media file(s),player #1:C:/Users/basti/Desktop/Emmie/Poland vs Lithuania — MIXED Pool — European Ultimate Championships #EUC2023 [VIOlS4zZcfY].mp4,0.0,6485.000,30.000,17,1,16,,Forced_turnover,,Mid,POINT,1550.633,C:/Users/basti/Desktop/Emmie/Poland vs Lithuania — MIXED Pool — European Ultimate Championships #EUC2023 [VIOlS4zZcfY].mp4,46519,NA,
1_Poland_Lithuania_Mixed,2025-05-02 16:07:56.825,The game of Poland against Lithuania in the mixed division.,2709.967,Media file(s),player #1:C:/Users/basti/Desktop/Emmie/Poland vs Lithuania — MIXED Pool — European Ultimate Championships #EUC2023 [VIOlS4zZcfY].mp4,0.0,6485.000,30.000,17,1,16,,Time_on_offense_teamA,,,STOP,1550.633,C:/Users/basti/Desktop/Emmie/Poland vs Lithuania — MIXED Pool — European Ultimate Championships #EUC2023 [VIOlS4zZcfY].mp4,46519,NA,
1_Poland_Lithuania_Mixed,2025-05-02 16:07:56.825,The game of Poland against Lithuania in the mixed division.,2709.967,Media file(s),player #1:C:/Users/basti/Desktop/Emmie/Poland vs Lithuania — MIXED Pool — European Ultimate Championships #EUC2023 [VIOlS4zZcfY].mp4,0.0,6485.000,30.000,17,1,16,,Successful_pass,,Mid,POINT,1566.167,C:/Users/basti/Desktop/Emmie/Poland vs Lithuania — MIXED Pool — European Ultimate Championships #EUC2023 [VIOlS4zZcfY].mp4,46985,NA,
1_Poland_Lithuania_Mixed,2025-05-02 16:07:56.825,The game of Poland against Lithuania in the mixed division.,2709.967,Media file(s),player #1:C:/Users/basti/Desktop/Emmie/Poland vs Lithuania — MIXED Pool — European Ultimate Championships #EUC2023 [VIOlS4zZcfY].mp4,0.0,6485.000,30.000,17,1,16,,Successful_pass,,Mid,POINT,1566.733,C:/Users/basti/Desktop/Emmie/Poland vs Lithuania — MIXED Pool — European Ultimate Championships #EUC2023 [VIOlS4zZcfY].mp4,47002,NA,
1_Poland_Lithuania_Mixed,2025-05-02 16:07:56.825,The game of Poland against Lithuania in the mixed division.,2709.967,Media file(s),player #1:C:/Users/basti/Desktop/Emmie/Poland vs Lithuania — MIXED Pool — European Ultimate Championships #EUC2023 [VIOlS4zZcfY].mp4,0.0,6485.000,30.000,17,1,16,,Successful_pass,,Mid,POINT,1569.400,C:/Users/basti/Desktop/Emmie/Poland vs Lithuania — MIXED Pool — European Ultimate Championships #EUC2023 [VIOlS4zZcfY].mp4,47082,NA,
1_Poland_Lithuania_Mixed,2025-05-02 16:07:56.825,The game of Poland against Lithuania in the mixed division.,2709.967,Media file(s),player #1:C:/Users/basti/Desktop/Emmie/Poland vs Lithuania — MIXED Pool — European Ultimate Championships #EUC2023 [VIOlS4zZcfY].mp4,0.0,6485.000,30.000,17,1,16,,Successful_pass,,Mid,POINT,1571.767,C:/Users/basti/Desktop/Emmie/Poland vs Lithuania — MIXED Pool — European Ultimate Championships #EUC2023 [VIOlS4zZcfY].mp4,47153,NA,
1_Poland_Lithuania_Mixed,2025-05-02 16:07:56.825,The game of Poland against Lithuania in the mixed division.,2709.967,Media file(s),player #1:C:/Users/basti/Desktop/Emmie/Poland vs Lithuania — MIXED Pool — European Ultimate Championships #EUC2023 [VIOlS4zZcfY].mp4,0.0,6485.000,30.000,17,1,16,,Successful_pass,,Mid,POINT,1573.067,C:/Users/basti/Desktop/Emmie/Poland vs Lithuania — MIXED Pool — European Ultimate Championships #EUC2023 [VIOlS4zZcfY].mp4,47192,NA,
1_Poland_Lithuania_Mixed,2025-05-02 16:07:56.825,The game of Poland against Lithuania in the mixed division.,2709.967,Media file(s),player #1:C:/Users/basti/Desktop/Emmie/Poland vs Lithuania — MIXED Pool — European Ultimate Championships #EUC2023 [VIOlS4zZcfY].mp4,0.0,6485.000,30.000,17,1,16,,Successful_pass,,Mid,POINT,1574.067,C:/Users/basti/Desktop/Emmie/Poland vs Lithuania — MIXED Pool — European Ultimate Championships #EUC2023 [VIOlS4zZcfY].mp4,47222,NA,
1_Poland_Lithuania_Mixed,2025-05-02 16:07:56.825,The game of Poland against Lithuania in the mixed division.,2709.967,Media file(s),player #1:C:/Users/basti/Desktop/Emmie/Poland vs Lithuania — MIXED Pool — European Ultimate Championships #EUC2023 [VIOlS4zZcfY].mp4,0.0,6485.000,30.000,17,1,16,,Successful_pass,,Mid,POINT,1574.967,C:/Users/basti/Desktop/Emmie/Poland vs Lithuania — MIXED Pool — European Ultimate Championships #EUC2023 [VIOlS4zZcfY].mp4,47249,NA,
1_Poland_Lithuania_Mixed,2025-05-02 16:07:56.825,The game of Poland against Lithuania in the mixed division.,2709.967,Media file(s),player #1:C:/Users/basti/Desktop/Emmie/Poland vs Lithuania — MIXED Pool — European Ultimate Championships #EUC2023 [VIOlS4zZcfY].mp4,0.0,6485.000,30.000,17,1,16,,Score,,,POINT,1579.867,C:/Users/basti/Desktop/Emmie/Poland vs Lithuania — MIXED Pool — European Ultimate Championships #EUC2023 [VIOlS4zZcfY].mp4,47396,NA,
1_Poland_Lithuania_Mixed,2025-05-02 16:07:56.825,The game of Poland against Lithuania in the mixed division.,2709.967,Media file(s),player #1:C:/Users/basti/Desktop/Emmie/Poland vs Lithuania — MIXED Pool — European Ultimate Championships #EUC2023 [VIOlS4zZcfY].mp4,0.0,6485.000,30.000,17,1,16,,Timeout,,,START,1595.733,C:/Users/basti/Desktop/Emmie/Poland vs Lithuania — MIXED Pool — European Ultimate Championships #EUC2023 [VIOlS4zZcfY].mp4,47872,NA,
1_Poland_Lithuania_Mixed,2025-05-02 16:07:56.825,The game of Poland against Lithuania in the mixed division.,2709.967,Media file(s),player #1:C:/Users/basti/Desktop/Emmie/Poland vs Lithuania — MIXED Pool — European Ultimate Championships #EUC2023 [VIOlS4zZcfY].mp4,0.0,6485.000,30.000,17,1,16,,Timeout,,,STOP,1731.433,C:/Users/basti/Desktop/Emmie/Poland vs Lithuania — MIXED Pool — European Ultimate Championships #EUC2023 [VIOlS4zZcfY].mp4,51943,NA,
1_Poland_Lithuania_Mixed,2025-05-02 16:07:56.825,The game of Poland against Lithuania in the mixed division.,2709.967,Media file(s),player #1:C:/Users/basti/Desktop/Emmie/Poland vs Lithuania — MIXED Pool — European Ultimate Championships #EUC2023 [VIOlS4zZcfY].mp4,0.0,6485.000,30.000,17,1,16,,Time_on_offense_teamA,,,START,1782.067,C:/Users/basti/Desktop/Emmie/Poland vs Lithuania — MIXED Pool — European Ultimate Championships #EUC2023 [VIOlS4zZcfY].mp4,53462,NA,
1_Poland_Lithuania_Mixed,2025-05-02 16:07:56.825,The game of Poland against Lithuania in the mixed division.,2709.967,Media file(s),player #1:C:/Users/basti/Desktop/Emmie/Poland vs Lithuania — MIXED Pool — European Ultimate Championships #EUC2023 [VIOlS4zZcfY].mp4,0.0,6485.000,30.000,17,1,16,,Successful_pass,,RZ_Def,POINT,1788.867,C:/Users/basti/Desktop/Emmie/Poland vs Lithuania — MIXED Pool — European Ultimate Championships #EUC2023 [VIOlS4zZcfY].mp4,53666,NA,
1_Poland_Lithuania_Mixed,2025-05-02 16:07:56.825,The game of Poland against Lithuania in the mixed division.,2709.967,Media file(s),player #1:C:/Users/basti/Desktop/Emmie/Poland vs Lithuania — MIXED Pool — European Ultimate Championships #EUC2023 [VIOlS4zZcfY].mp4,0.0,6485.000,30.000,17,1,16,,Successful_pass,,RZ_Def,POINT,1794.200,C:/Users/basti/Desktop/Emmie/Poland vs Lithuania — MIXED Pool — European Ultimate Championships #EUC2023 [VIOlS4zZcfY].mp4,53826,NA,
1_Poland_Lithuania_Mixed,2025-05-02 16:07:56.825,The game of Poland against Lithuania in the mixed division.,2709.967,Media file(s),player #1:C:/Users/basti/Desktop/Emmie/Poland vs Lithuania — MIXED Pool — European Ultimate Championships #EUC2023 [VIOlS4zZcfY].mp4,0.0,6485.000,30.000,17,1,16,,Successful_pass,,RZ_Def,POINT,1795.867,C:/Users/basti/Desktop/Emmie/Poland vs Lithuania — MIXED Pool — European Ultimate Championships #EUC2023 [VIOlS4zZcfY].mp4,53876,NA,
1_Poland_Lithuania_Mixed,2025-05-02 16:07:56.825,The game of Poland against Lithuania in the mixed division.,2709.967,Media file(s),player #1:C:/Users/basti/Desktop/Emmie/Poland vs Lithuania — MIXED Pool — European Ultimate Championships #EUC2023 [VIOlS4zZcfY].mp4,0.0,6485.000,30.000,17,1,16,,Successful_pass,,Mid,POINT,1800.733,C:/Users/basti/Desktop/Emmie/Poland vs Lithuania — MIXED Pool — European Ultimate Championships #EUC2023 [VIOlS4zZcfY].mp4,54022,NA,
1_Poland_Lithuania_Mixed,2025-05-02 16:07:56.825,The game of Poland against Lithuania in the mixed division.,2709.967,Media file(s),player #1:C:/Users/basti/Desktop/Emmie/Poland vs Lithuania — MIXED Pool — European Ultimate Championships #EUC2023 [VIOlS4zZcfY].mp4,0.0,6485.000,30.000,17,1,16,,Successful_pass,,Mid,POINT,1803.733,C:/Users/basti/Desktop/Emmie/Poland vs Lithuania — MIXED Pool — European Ultimate Championships #EUC2023 [VIOlS4zZcfY].mp4,54112,NA,
1_Poland_Lithuania_Mixed,2025-05-02 16:07:56.825,The game of Poland against Lithuania in the mixed division.,2709.967,Media file(s),player #1:C:/Users/basti/Desktop/Emmie/Poland vs Lithuania — MIXED Pool — European Ultimate Championships #EUC2023 [VIOlS4zZcfY].mp4,0.0,6485.000,30.000,17,1,16,,Successful_pass,,Mid,POINT,1805.500,C:/Users/basti/Desktop/Emmie/Poland vs Lithuania — MIXED Pool — European Ultimate Championships #EUC2023 [VIOlS4zZcfY].mp4,54165,NA,
1_Poland_Lithuania_Mixed,2025-05-02 16:07:56.825,The game of Poland against Lithuania in the mixed division.,2709.967,Media file(s),player #1:C:/Users/basti/Desktop/Emmie/Poland vs Lithuania — MIXED Pool — European Ultimate Championships #EUC2023 [VIOlS4zZcfY].mp4,0.0,6485.000,30.000,17,1,16,,Successful_pass,,Mid,POINT,1807.467,C:/Users/basti/Desktop/Emmie/Poland vs Lithuania — MIXED Pool — European Ultimate Championships #EUC2023 [VIOlS4zZcfY].mp4,54224,NA,
1_Poland_Lithuania_Mixed,2025-05-02 16:07:56.825,The game of Poland against Lithuania in the mixed division.,2709.967,Media file(s),player #1:C:/Users/basti/Desktop/Emmie/Poland vs Lithuania — MIXED Pool — European Ultimate Championships #EUC2023 [VIOlS4zZcfY].mp4,0.0,6485.000,30.000,17,1,16,,Successful_pass,,RZ_Off,POINT,1810.167,C:/Users/basti/Desktop/Emmie/Poland vs Lithuania — MIXED Pool — European Ultimate Championships #EUC2023 [VIOlS4zZcfY].mp4,54305,NA,
1_Poland_Lithuania_Mixed,2025-05-02 16:07:56.825,The game of Poland against Lithuania in the mixed division.,2709.967,Media file(s),player #1:C:/Users/basti/Desktop/Emmie/Poland vs Lithuania — MIXED Pool — European Ultimate Championships #EUC2023 [VIOlS4zZcfY].mp4,0.0,6485.000,30.000,17,1,16,,Successful_pass,,RZ_Off,POINT,1815.600,C:/Users/basti/Desktop/Emmie/Poland vs Lithuania — MIXED Pool — European Ultimate Championships #EUC2023 [VIOlS4zZcfY].mp4,54468,NA,
1_Poland_Lithuania_Mixed,2025-05-02 16:07:56.825,The game of Poland against Lithuania in the mixed division.,2709.967,Media file(s),player #1:C:/Users/basti/Desktop/Emmie/Poland vs Lithuania — MIXED Pool — European Ultimate Championships #EUC2023 [VIOlS4zZcfY].mp4,0.0,6485.000,30.000,17,1,16,,Score,,,POINT,1818.033,C:/Users/basti/Desktop/Emmie/Poland vs Lithuania — MIXED Pool — European Ultimate Championships #EUC2023 [VIOlS4zZcfY].mp4,54541,NA,
1_Poland_Lithuania_Mixed,2025-05-02 16:07:56.825,The game of Poland against Lithuania in the mixed division.,2709.967,Media file(s),player #1:C:/Users/basti/Desktop/Emmie/Poland vs Lithuania — MIXED Pool — European Ultimate Championships #EUC2023 [VIOlS4zZcfY].mp4,0.0,6485.000,30.000,17,1,16,,Time_on_offense_teamA,,,STOP,1902.233,C:/Users/basti/Desktop/Emmie/Poland vs Lithuania — MIXED Pool — European Ultimate Championships #EUC2023 [VIOlS4zZcfY].mp4,57067,NA,
1_Poland_Lithuania_Mixed,2025-05-02 16:07:56.825,The game of Poland against Lithuania in the mixed division.,2709.967,Media file(s),player #1:C:/Users/basti/Desktop/Emmie/Poland vs Lithuania — MIXED Pool — European Ultimate Championships #EUC2023 [VIOlS4zZcfY].mp4,0.0,6485.000,30.000,17,1,16,,Successful_pass,,Mid,POINT,1907.833,C:/Users/basti/Desktop/Emmie/Poland vs Lithuania — MIXED Pool — European Ultimate Championships #EUC2023 [VIOlS4zZcfY].mp4,57235,NA,
1_Poland_Lithuania_Mixed,2025-05-02 16:07:56.825,The game of Poland against Lithuania in the mixed division.,2709.967,Media file(s),player #1:C:/Users/basti/Desktop/Emmie/Poland vs Lithuania — MIXED Pool — European Ultimate Championships #EUC2023 [VIOlS4zZcfY].mp4,0.0,6485.000,30.000,17,1,16,,Successful_pass,,Mid,POINT,1910.867,C:/Users/basti/Desktop/Emmie/Poland vs Lithuania — MIXED Pool — European Ultimate Championships #EUC2023 [VIOlS4zZcfY].mp4,57326,NA,
1_Poland_Lithuania_Mixed,2025-05-02 16:07:56.825,The game of Poland against Lithuania in the mixed division.,2709.967,Media file(s),player #1:C:/Users/basti/Desktop/Emmie/Poland vs Lithuania — MIXED Pool — European Ultimate Championships #EUC2023 [VIOlS4zZcfY].mp4,0.0,6485.000,30.000,17,1,16,,Successful_pass,,RZ_Off,POINT,1912.500,C:/Users/basti/Desktop/Emmie/Poland vs Lithuania — MIXED Pool — European Ultimate Championships #EUC2023 [VIOlS4zZcfY].mp4,57375,NA,
1_Poland_Lithuania_Mixed,2025-05-02 16:07:56.825,The game of Poland against Lithuania in the mixed division.,2709.967,Media file(s),player #1:C:/Users/basti/Desktop/Emmie/Poland vs Lithuania — MIXED Pool — European Ultimate Championships #EUC2023 [VIOlS4zZcfY].mp4,0.0,6485.000,30.000,17,1,16,,Successful_pass,,RZ_Off,POINT,1914.133,C:/Users/basti/Desktop/Emmie/Poland vs Lithuania — MIXED Pool — European Ultimate Championships #EUC2023 [VIOlS4zZcfY].mp4,57424,NA,
1_Poland_Lithuania_Mixed,2025-05-02 16:07:56.825,The game of Poland against Lithuania in the mixed division.,2709.967,Media file(s),player #1:C:/Users/basti/Desktop/Emmie/Poland vs Lithuania — MIXED Pool — European Ultimate Championships #EUC2023 [VIOlS4zZcfY].mp4,0.0,6485.000,30.000,17,1,16,,Successful_pass,,RZ_Off,POINT,1918.200,C:/Users/basti/Desktop/Emmie/Poland vs Lithuania — MIXED Pool — European Ultimate Championships #EUC2023 [VIOlS4zZcfY].mp4,57546,NA,
1_Poland_Lithuania_Mixed,2025-05-02 16:07:56.825,The game of Poland against Lithuania in the mixed division.,2709.967,Media file(s),player #1:C:/Users/basti/Desktop/Emmie/Poland vs Lithuania — MIXED Pool — European Ultimate Championships #EUC2023 [VIOlS4zZcfY].mp4,0.0,6485.000,30.000,17,1,16,,Successful_pass,,RZ_Off,POINT,1923.333,C:/Users/basti/Desktop/Emmie/Poland vs Lithuania — MIXED Pool — European Ultimate Championships #EUC2023 [VIOlS4zZcfY].mp4,57700,NA,
1_Poland_Lithuania_Mixed,2025-05-02 16:07:56.825,The game of Poland against Lithuania in the mixed division.,2709.967,Media file(s),player #1:C:/Users/basti/Desktop/Emmie/Poland vs Lithuania — MIXED Pool — European Ultimate Championships #EUC2023 [VIOlS4zZcfY].mp4,0.0,6485.000,30.000,17,1,16,,Successful_pass,,RZ_Off,POINT,1924.600,C:/Users/basti/Desktop/Emmie/Poland vs Lithuania — MIXED Pool — European Ultimate Championships #EUC2023 [VIOlS4zZcfY].mp4,57738,NA,
1_Poland_Lithuania_Mixed,2025-05-02 16:07:56.825,The game of Poland against Lithuania in the mixed division.,2709.967,Media file(s),player #1:C:/Users/basti/Desktop/Emmie/Poland vs Lithuania — MIXED Pool — European Ultimate Championships #EUC2023 [VIOlS4zZcfY].mp4,0.0,6485.000,30.000,17,1,16,,Score,,,POINT,1927.100,C:/Users/basti/Desktop/Emmie/Poland vs Lithuania — MIXED Pool — European Ultimate Championships #EUC2023 [VIOlS4zZcfY].mp4,57813,NA,
1_Poland_Lithuania_Mixed,2025-05-02 16:07:56.825,The game of Poland against Lithuania in the mixed division.,2709.967,Media file(s),player #1:C:/Users/basti/Desktop/Emmie/Poland vs Lithuania — MIXED Pool — European Ultimate Championships #EUC2023 [VIOlS4zZcfY].mp4,0.0,6485.000,30.000,17,1,16,,Time_on_offense_teamA,,,START,2040.833,C:/Users/basti/Desktop/Emmie/Poland vs Lithuania — MIXED Pool — European Ultimate Championships #EUC2023 [VIOlS4zZcfY].mp4,61225,NA,
1_Poland_Lithuania_Mixed,2025-05-02 16:07:56.825,The game of Poland against Lithuania in the mixed division.,2709.967,Media file(s),player #1:C:/Users/basti/Desktop/Emmie/Poland vs Lithuania — MIXED Pool — European Ultimate Championships #EUC2023 [VIOlS4zZcfY].mp4,0.0,6485.000,30.000,17,1,16,,Successful_pass,,Mid,POINT,2046.333,C:/Users/basti/Desktop/Emmie/Poland vs Lithuania — MIXED Pool — European Ultimate Championships #EUC2023 [VIOlS4zZcfY].mp4,61390,NA,
1_Poland_Lithuania_Mixed,2025-05-02 16:07:56.825,The game of Poland against Lithuania in the mixed division.,2709.967,Media file(s),player #1:C:/Users/basti/Desktop/Emmie/Poland vs Lithuania — MIXED Pool — European Ultimate Championships #EUC2023 [VIOlS4zZcfY].mp4,0.0,6485.000,30.000,17,1,16,,Successful_pass,,Mid,POINT,2051.533,C:/Users/basti/Desktop/Emmie/Poland vs Lithuania — MIXED Pool — European Ultimate Championships #EUC2023 [VIOlS4zZcfY].mp4,61546,NA,
1_Poland_Lithuania_Mixed,2025-05-02 16:07:56.825,The game of Poland against Lithuania in the mixed division.,2709.967,Media file(s),player #1:C:/Users/basti/Desktop/Emmie/Poland vs Lithuania — MIXED Pool — European Ultimate Championships #EUC2023 [VIOlS4zZcfY].mp4,0.0,6485.000,30.000,17,1,16,,Successful_pass,,Mid,POINT,2056.667,C:/Users/basti/Desktop/Emmie/Poland vs Lithuania — MIXED Pool — European Ultimate Championships #EUC2023 [VIOlS4zZcfY].mp4,61700,NA,
1_Poland_Lithuania_Mixed,2025-05-02 16:07:56.825,The game of Poland against Lithuania in the mixed division.,2709.967,Media file(s),player #1:C:/Users/basti/Desktop/Emmie/Poland vs Lithuania — MIXED Pool — European Ultimate Championships #EUC2023 [VIOlS4zZcfY].mp4,0.0,6485.000,30.000,17,1,16,,Successful_pass,,Mid,POINT,2061.967,C:/Users/basti/Desktop/Emmie/Poland vs Lithuania — MIXED Pool — European Ultimate Championships #EUC2023 [VIOlS4zZcfY].mp4,61859,NA,
1_Poland_Lithuania_Mixed,2025-05-02 16:07:56.825,The game of Poland against Lithuania in the mixed division.,2709.967,Media file(s),player #1:C:/Users/basti/Desktop/Emmie/Poland vs Lithuania — MIXED Pool — European Ultimate Championships #EUC2023 [VIOlS4zZcfY].mp4,0.0,6485.000,30.000,17,1,16,,Successful_pass,,Mid,POINT,2065.233,C:/Users/basti/Desktop/Emmie/Poland vs Lithuania — MIXED Pool — European Ultimate Championships #EUC2023 [VIOlS4zZcfY].mp4,61957,NA,
1_Poland_Lithuania_Mixed,2025-05-02 16:07:56.825,The game of Poland against Lithuania in the mixed division.,2709.967,Media file(s),player #1:C:/Users/basti/Desktop/Emmie/Poland vs Lithuania — MIXED Pool — European Ultimate Championships #EUC2023 [VIOlS4zZcfY].mp4,0.0,6485.000,30.000,17,1,16,,Successful_pass,,Mid,POINT,2068.600,C:/Users/basti/Desktop/Emmie/Poland vs Lithuania — MIXED Pool — European Ultimate Championships #EUC2023 [VIOlS4zZcfY].mp4,62058,NA,
1_Poland_Lithuania_Mixed,2025-05-02 16:07:56.825,The game of Poland against Lithuania in the mixed division.,2709.967,Media file(s),player #1:C:/Users/basti/Desktop/Emmie/Poland vs Lithuania — MIXED Pool — European Ultimate Championships #EUC2023 [VIOlS4zZcfY].mp4,0.0,6485.000,30.000,17,1,16,,Successful_pass,,RZ_Off,POINT,2071.300,C:/Users/basti/Desktop/Emmie/Poland vs Lithuania — MIXED Pool — European Ultimate Championships #EUC2023 [VIOlS4zZcfY].mp4,62139,NA,
1_Poland_Lithuania_Mixed,2025-05-02 16:07:56.825,The game of Poland against Lithuania in the mixed division.,2709.967,Media file(s),player #1:C:/Users/basti/Desktop/Emmie/Poland vs Lithuania — MIXED Pool — European Ultimate Championships #EUC2023 [VIOlS4zZcfY].mp4,0.0,6485.000,30.000,17,1,16,,Successful_pass,,RZ_Off,POINT,2075.733,C:/Users/basti/Desktop/Emmie/Poland vs Lithuania — MIXED Pool — European Ultimate Championships #EUC2023 [VIOlS4zZcfY].mp4,62272,NA,
1_Poland_Lithuania_Mixed,2025-05-02 16:07:56.825,The game of Poland against Lithuania in the mixed division.,2709.967,Media file(s),player #1:C:/Users/basti/Desktop/Emmie/Poland vs Lithuania — MIXED Pool — European Ultimate Championships #EUC2023 [VIOlS4zZcfY].mp4,0.0,6485.000,30.000,17,1,16,,Score,,,POINT,2081.900,C:/Users/basti/Desktop/Emmie/Poland vs Lithuania — MIXED Pool — European Ultimate Championships #EUC2023 [VIOlS4zZcfY].mp4,62457,NA,
1_Poland_Lithuania_Mixed,2025-05-02 16:07:56.825,The game of Poland against Lithuania in the mixed division.,2709.967,Media file(s),player #1:C:/Users/basti/Desktop/Emmie/Poland vs Lithuania — MIXED Pool — European Ultimate Championships #EUC2023 [VIOlS4zZcfY].mp4,0.0,6485.000,30.000,17,1,16,,Time_on_offense_teamA,,,STOP,2170.333,C:/Users/basti/Desktop/Emmie/Poland vs Lithuania — MIXED Pool — European Ultimate Championships #EUC2023 [VIOlS4zZcfY].mp4,65110,NA,
1_Poland_Lithuania_Mixed,2025-05-02 16:07:56.825,The game of Poland against Lithuania in the mixed division.,2709.967,Media file(s),player #1:C:/Users/basti/Desktop/Emmie/Poland vs Lithuania — MIXED Pool — European Ultimate Championships #EUC2023 [VIOlS4zZcfY].mp4,0.0,6485.000,30.000,17,1,16,,Successful_pass,,RZ_Def,POINT,2172.300,C:/Users/basti/Desktop/Emmie/Poland vs Lithuania — MIXED Pool — European Ultimate Championships #EUC2023 [VIOlS4zZcfY].mp4,65169,NA,
1_Poland_Lithuania_Mixed,2025-05-02 16:07:56.825,The game of Poland against Lithuania in the mixed division.,2709.967,Media file(s),player #1:C:/Users/basti/Desktop/Emmie/Poland vs Lithuania — MIXED Pool — European Ultimate Championships #EUC2023 [VIOlS4zZcfY].mp4,0.0,6485.000,30.000,17,1,16,,Successful_pass,,Mid,POINT,2177.333,C:/Users/basti/Desktop/Emmie/Poland vs Lithuania — MIXED Pool — European Ultimate Championships #EUC2023 [VIOlS4zZcfY].mp4,65320,NA,
1_Poland_Lithuania_Mixed,2025-05-02 16:07:56.825,The game of Poland against Lithuania in the mixed division.,2709.967,Media file(s),player #1:C:/Users/basti/Desktop/Emmie/Poland vs Lithuania — MIXED Pool — European Ultimate Championships #EUC2023 [VIOlS4zZcfY].mp4,0.0,6485.000,30.000,17,1,16,,Successful_pass,,Mid,POINT,2179.233,C:/Users/basti/Desktop/Emmie/Poland vs Lithuania — MIXED Pool — European Ultimate Championships #EUC2023 [VIOlS4zZcfY].mp4,65377,NA,
1_Poland_Lithuania_Mixed,2025-05-02 16:07:56.825,The game of Poland against Lithuania in the mixed division.,2709.967,Media file(s),player #1:C:/Users/basti/Desktop/Emmie/Poland vs Lithuania — MIXED Pool — European Ultimate Championships #EUC2023 [VIOlS4zZcfY].mp4,0.0,6485.000,30.000,17,1,16,,Successful_pass,,RZ_Off,POINT,2180.800,C:/Users/basti/Desktop/Emmie/Poland vs Lithuania — MIXED Pool — European Ultimate Championships #EUC2023 [VIOlS4zZcfY].mp4,65424,NA,
1_Poland_Lithuania_Mixed,2025-05-02 16:07:56.825,The game of Poland against Lithuania in the mixed division.,2709.967,Media file(s),player #1:C:/Users/basti/Desktop/Emmie/Poland vs Lithuania — MIXED Pool — European Ultimate Championships #EUC2023 [VIOlS4zZcfY].mp4,0.0,6485.000,30.000,17,1,16,,Successful_pass,,RZ_Off,POINT,2183.733,C:/Users/basti/Desktop/Emmie/Poland vs Lithuania — MIXED Pool — European Ultimate Championships #EUC2023 [VIOlS4zZcfY].mp4,65512,NA,
1_Poland_Lithuania_Mixed,2025-05-02 16:07:56.825,The game of Poland against Lithuania in the mixed division.,2709.967,Media file(s),player #1:C:/Users/basti/Desktop/Emmie/Poland vs Lithuania — MIXED Pool — European Ultimate Championships #EUC2023 [VIOlS4zZcfY].mp4,0.0,6485.000,30.000,17,1,16,,Score,,,POINT,2186.200,C:/Users/basti/Desktop/Emmie/Poland vs Lithuania — MIXED Pool — European Ultimate Championships #EUC2023 [VIOlS4zZcfY].mp4,65586,NA,
1_Poland_Lithuania_Mixed,2025-05-02 16:07:56.825,The game of Poland against Lithuania in the mixed division.,2709.967,Media file(s),player #1:C:/Users/basti/Desktop/Emmie/Poland vs Lithuania — MIXED Pool — European Ultimate Championships #EUC2023 [VIOlS4zZcfY].mp4,0.0,6485.000,30.000,17,1,16,,Timeout,,,START,2229.400,C:/Users/basti/Desktop/Emmie/Poland vs Lithuania — MIXED Pool — European Ultimate Championships #EUC2023 [VIOlS4zZcfY].mp4,66882,NA,
1_Poland_Lithuania_Mixed,2025-05-02 16:07:56.825,The game of Poland against Lithuania in the mixed division.,2709.967,Media file(s),player #1:C:/Users/basti/Desktop/Emmie/Poland vs Lithuania — MIXED Pool — European Ultimate Championships #EUC2023 [VIOlS4zZcfY].mp4,0.0,6485.000,30.000,17,1,16,,Timeout,,,STOP,2313.067,C:/Users/basti/Desktop/Emmie/Poland vs Lithuania — MIXED Pool — European Ultimate Championships #EUC2023 [VIOlS4zZcfY].mp4,69392,NA,
1_Poland_Lithuania_Mixed,2025-05-02 16:07:56.825,The game of Poland against Lithuania in the mixed division.,2709.967,Media file(s),player #1:C:/Users/basti/Desktop/Emmie/Poland vs Lithuania — MIXED Pool — European Ultimate Championships #EUC2023 [VIOlS4zZcfY].mp4,0.0,6485.000,30.000,17,1,16,,Time_on_offense_teamA,,,START,2354.533,C:/Users/basti/Desktop/Emmie/Poland vs Lithuania — MIXED Pool — European Ultimate Championships #EUC2023 [VIOlS4zZcfY].mp4,70636,NA,
1_Poland_Lithuania_Mixed,2025-05-02 16:07:56.825,The game of Poland against Lithuania in the mixed division.,2709.967,Media file(s),player #1:C:/Users/basti/Desktop/Emmie/Poland vs Lithuania — MIXED Pool — European Ultimate Championships #EUC2023 [VIOlS4zZcfY].mp4,0.0,6485.000,30.000,17,1,16,,Successful_pass,,RZ_Def,POINT,2355.767,C:/Users/basti/Desktop/Emmie/Poland vs Lithuania — MIXED Pool — European Ultimate Championships #EUC2023 [VIOlS4zZcfY].mp4,70673,NA,
1_Poland_Lithuania_Mixed,2025-05-02 16:07:56.825,The game of Poland against Lithuania in the mixed division.,2709.967,Media file(s),player #1:C:/Users/basti/Desktop/Emmie/Poland vs Lithuania — MIXED Pool — European Ultimate Championships #EUC2023 [VIOlS4zZcfY].mp4,0.0,6485.000,30.000,17,1,16,,Score,,,POINT,2363.733,C:/Users/basti/Desktop/Emmie/Poland vs Lithuania — MIXED Pool — European Ultimate Championships #EUC2023 [VIOlS4zZcfY].mp4,70912,NA,
1_Poland_Lithuania_Mixed,2025-05-02 16:07:56.825,The game of Poland against Lithuania in the mixed division.,2709.967,Media file(s),player #1:C:/Users/basti/Desktop/Emmie/Poland vs Lithuania — MIXED Pool — European Ultimate Championships #EUC2023 [VIOlS4zZcfY].mp4,0.0,6485.000,30.000,17,1,16,,First half,,,STOP,2365.167,C:/Users/basti/Desktop/Emmie/Poland vs Lithuania — MIXED Pool — European Ultimate Championships #EUC2023 [VIOlS4zZcfY].mp4,70955,NA,
1_Poland_Lithuania_Mixed,2025-05-02 16:07:56.825,The game of Poland against Lithuania in the mixed division.,2709.967,Media file(s),player #1:C:/Users/basti/Desktop/Emmie/Poland vs Lithuania — MIXED Pool — European Ultimate Championships #EUC2023 [VIOlS4zZcfY].mp4,0.0,6485.000,30.000,17,1,16,,Timeout,,,START,2365.167,C:/Users/basti/Desktop/Emmie/Poland vs Lithuania — MIXED Pool — European Ultimate Championships #EUC2023 [VIOlS4zZcfY].mp4,70955,NA,
1_Poland_Lithuania_Mixed,2025-05-02 16:07:56.825,The game of Poland against Lithuania in the mixed division.,2709.967,Media file(s),player #1:C:/Users/basti/Desktop/Emmie/Poland vs Lithuania — MIXED Pool — European Ultimate Championships #EUC2023 [VIOlS4zZcfY].mp4,0.0,6485.000,30.000,17,1,16,,Second half,,,START,2686.133,C:/Users/basti/Desktop/Emmie/Poland vs Lithuania — MIXED Pool — European Ultimate Championships #EUC2023 [VIOlS4zZcfY].mp4,80584,NA,
1_Poland_Lithuania_Mixed,2025-05-02 16:07:56.825,The game of Poland against Lithuania in the mixed division.,2709.967,Media file(s),player #1:C:/Users/basti/Desktop/Emmie/Poland vs Lithuania — MIXED Pool — European Ultimate Championships #EUC2023 [VIOlS4zZcfY].mp4,0.0,6485.000,30.000,17,1,16,,Timeout,,,STOP,2686.133,C:/Users/basti/Desktop/Emmie/Poland vs Lithuania — MIXED Pool — European Ultimate Championships #EUC2023 [VIOlS4zZcfY].mp4,80585,NA,
1_Poland_Lithuania_Mixed,2025-05-02 16:07:56.825,The game of Poland against Lithuania in the mixed division.,2709.967,Media file(s),player #1:C:/Users/basti/Desktop/Emmie/Poland vs Lithuania — MIXED Pool — European Ultimate Championships #EUC2023 [VIOlS4zZcfY].mp4,0.0,6485.000,30.000,17,1,16,,Time_on_offense_teamA,,,STOP,2743.433,C:/Users/basti/Desktop/Emmie/Poland vs Lithuania — MIXED Pool — European Ultimate Championships #EUC2023 [VIOlS4zZcfY].mp4,82303,NA,
1_Poland_Lithuania_Mixed,2025-05-02 16:07:56.825,The game of Poland against Lithuania in the mixed division.,2709.967,Media file(s),player #1:C:/Users/basti/Desktop/Emmie/Poland vs Lithuania — MIXED Pool — European Ultimate Championships #EUC2023 [VIOlS4zZcfY].mp4,0.0,6485.000,30.000,17,1,16,,Score,,,POINT,2753.800,C:/Users/basti/Desktop/Emmie/Poland vs Lithuania — MIXED Pool — European Ultimate Championships #EUC2023 [VIOlS4zZcfY].mp4,82614,NA,
1_Poland_Lithuania_Mixed,2025-05-02 16:07:56.825,The game of Poland against Lithuania in the mixed division.,2709.967,Media file(s),player #1:C:/Users/basti/Desktop/Emmie/Poland vs Lithuania — MIXED Pool — European Ultimate Championships #EUC2023 [VIOlS4zZcfY].mp4,0.0,6485.000,30.000,17,1,16,,Time_on_offense_teamA,,,START,2812.833,C:/Users/basti/Desktop/Emmie/Poland vs Lithuania — MIXED Pool — European Ultimate Championships #EUC2023 [VIOlS4zZcfY].mp4,84385,NA,
1_Poland_Lithuania_Mixed,2025-05-02 16:07:56.825,The game of Poland against Lithuania in the mixed division.,2709.967,Media file(s),player #1:C:/Users/basti/Desktop/Emmie/Poland vs Lithuania — MIXED Pool — European Ultimate Championships #EUC2023 [VIOlS4zZcfY].mp4,0.0,6485.000,30.000,17,1,16,,Successful_pass,,Mid,POINT,2828.900,C:/Users/basti/Desktop/Emmie/Poland vs Lithuania — MIXED Pool — European Ultimate Championships #EUC2023 [VIOlS4zZcfY].mp4,84867,NA,
1_Poland_Lithuania_Mixed,2025-05-02 16:07:56.825,The game of Poland against Lithuania in the mixed division.,2709.967,Media file(s),player #1:C:/Users/basti/Desktop/Emmie/Poland vs Lithuania — MIXED Pool — European Ultimate Championships #EUC2023 [VIOlS4zZcfY].mp4,0.0,6485.000,30.000,17,1,16,,Successful_pass,,Mid,POINT,2831.433,C:/Users/basti/Desktop/Emmie/Poland vs Lithuania — MIXED Pool — European Ultimate Championships #EUC2023 [VIOlS4zZcfY].mp4,84943,NA,
1_Poland_Lithuania_Mixed,2025-05-02 16:07:56.825,The game of Poland against Lithuania in the mixed division.,2709.967,Media file(s),player #1:C:/Users/basti/Desktop/Emmie/Poland vs Lithuania — MIXED Pool — European Ultimate Championships #EUC2023 [VIOlS4zZcfY].mp4,0.0,6485.000,30.000,17,1,16,,Successful_pass,,Mid,POINT,2836.667,C:/Users/basti/Desktop/Emmie/Poland vs Lithuania — MIXED Pool — European Ultimate Championships #EUC2023 [VIOlS4zZcfY].mp4,85100,NA,
1_Poland_Lithuania_Mixed,2025-05-02 16:07:56.825,The game of Poland against Lithuania in the mixed division.,2709.967,Media file(s),player #1:C:/Users/basti/Desktop/Emmie/Poland vs Lithuania — MIXED Pool — European Ultimate Championships #EUC2023 [VIOlS4zZcfY].mp4,0.0,6485.000,30.000,17,1,16,,Successful_pass,,Mid,POINT,2838.767,C:/Users/basti/Desktop/Emmie/Poland vs Lithuania — MIXED Pool — European Ultimate Championships #EUC2023 [VIOlS4zZcfY].mp4,85163,NA,
1_Poland_Lithuania_Mixed,2025-05-02 16:07:56.825,The game of Poland against Lithuania in the mixed division.,2709.967,Media file(s),player #1:C:/Users/basti/Desktop/Emmie/Poland vs Lithuania — MIXED Pool — European Ultimate Championships #EUC2023 [VIOlS4zZcfY].mp4,0.0,6485.000,30.000,17,1,16,,Successful_pass,,Mid,POINT,2841.467,C:/Users/basti/Desktop/Emmie/Poland vs Lithuania — MIXED Pool — European Ultimate Championships #EUC2023 [VIOlS4zZcfY].mp4,85244,NA,
1_Poland_Lithuania_Mixed,2025-05-02 16:07:56.825,The game of Poland against Lithuania in the mixed division.,2709.967,Media file(s),player #1:C:/Users/basti/Desktop/Emmie/Poland vs Lithuania — MIXED Pool — European Ultimate Championships #EUC2023 [VIOlS4zZcfY].mp4,0.0,6485.000,30.000,17,1,16,,Successful_pass,,Mid,POINT,2843.667,C:/Users/basti/Desktop/Emmie/Poland vs Lithuania — MIXED Pool — European Ultimate Championships #EUC2023 [VIOlS4zZcfY].mp4,85310,NA,
1_Poland_Lithuania_Mixed,2025-05-02 16:07:56.825,The game of Poland against Lithuania in the mixed division.,2709.967,Media file(s),player #1:C:/Users/basti/Desktop/Emmie/Poland vs Lithuania — MIXED Pool — European Ultimate Championships #EUC2023 [VIOlS4zZcfY].mp4,0.0,6485.000,30.000,17,1,16,,Successful_pass,,Mid,POINT,2847.000,C:/Users/basti/Desktop/Emmie/Poland vs Lithuania — MIXED Pool — European Ultimate Championships #EUC2023 [VIOlS4zZcfY].mp4,85410,NA,
1_Poland_Lithuania_Mixed,2025-05-02 16:07:56.825,The game of Poland against Lithuania in the mixed division.,2709.967,Media file(s),player #1:C:/Users/basti/Desktop/Emmie/Poland vs Lithuania — MIXED Pool — European Ultimate Championships #EUC2023 [VIOlS4zZcfY].mp4,0.0,6485.000,30.000,17,1,16,,Successful_pass,,Mid,POINT,2849.533,C:/Users/basti/Desktop/Emmie/Poland vs Lithuania — MIXED Pool — European Ultimate Championships #EUC2023 [VIOlS4zZcfY].mp4,85486,NA,
1_Poland_Lithuania_Mixed,2025-05-02 16:07:56.825,The game of Poland against Lithuania in the mixed division.,2709.967,Media file(s),player #1:C:/Users/basti/Desktop/Emmie/Poland vs Lithuania — MIXED Pool — European Ultimate Championships #EUC2023 [VIOlS4zZcfY].mp4,0.0,6485.000,30.000,17,1,16,,Successful_pass,,Mid,POINT,2854.967,C:/Users/basti/Desktop/Emmie/Poland vs Lithuania — MIXED Pool — European Ultimate Championships #EUC2023 [VIOlS4zZcfY].mp4,85649,NA,
1_Poland_Lithuania_Mixed,2025-05-02 16:07:56.825,The game of Poland against Lithuania in the mixed division.,2709.967,Media file(s),player #1:C:/Users/basti/Desktop/Emmie/Poland vs Lithuania — MIXED Pool — European Ultimate Championships #EUC2023 [VIOlS4zZcfY].mp4,0.0,6485.000,30.000,17,1,16,,Successful_pass,,RZ_Off,POINT,2859.400,C:/Users/basti/Desktop/Emmie/Poland vs Lithuania — MIXED Pool — European Ultimate Championships #EUC2023 [VIOlS4zZcfY].mp4,85782,NA,
1_Poland_Lithuania_Mixed,2025-05-02 16:07:56.825,The game of Poland against Lithuania in the mixed division.,2709.967,Media file(s),player #1:C:/Users/basti/Desktop/Emmie/Poland vs Lithuania — MIXED Pool — European Ultimate Championships #EUC2023 [VIOlS4zZcfY].mp4,0.0,6485.000,30.000,17,1,16,,Successful_pass,,Mid,POINT,2863.367,C:/Users/basti/Desktop/Emmie/Poland vs Lithuania — MIXED Pool — European Ultimate Championships #EUC2023 [VIOlS4zZcfY].mp4,85901,NA,
1_Poland_Lithuania_Mixed,2025-05-02 16:07:56.825,The game of Poland against Lithuania in the mixed division.,2709.967,Media file(s),player #1:C:/Users/basti/Desktop/Emmie/Poland vs Lithuania — MIXED Pool — European Ultimate Championships #EUC2023 [VIOlS4zZcfY].mp4,0.0,6485.000,30.000,17,1,16,,Successful_pass,,RZ_Off,POINT,2867.700,C:/Users/basti/Desktop/Emmie/Poland vs Lithuania — MIXED Pool — European Ultimate Championships #EUC2023 [VIOlS4zZcfY].mp4,86031,NA,
1_Poland_Lithuania_Mixed,2025-05-02 16:07:56.825,The game of Poland against Lithuania in the mixed division.,2709.967,Media file(s),player #1:C:/Users/basti/Desktop/Emmie/Poland vs Lithuania — MIXED Pool — European Ultimate Championships #EUC2023 [VIOlS4zZcfY].mp4,0.0,6485.000,30.000,17,1,16,,Successful_pass,,RZ_Off,POINT,2869.767,C:/Users/basti/Desktop/Emmie/Poland vs Lithuania — MIXED Pool — European Ultimate Championships #EUC2023 [VIOlS4zZcfY].mp4,86093,NA,
1_Poland_Lithuania_Mixed,2025-05-02 16:07:56.825,The game of Poland against Lithuania in the mixed division.,2709.967,Media file(s),player #1:C:/Users/basti/Desktop/Emmie/Poland vs Lithuania — MIXED Pool — European Ultimate Championships #EUC2023 [VIOlS4zZcfY].mp4,0.0,6485.000,30.000,17,1,16,,Successful_pass,,RZ_Off,POINT,2871.133,C:/Users/basti/Desktop/Emmie/Poland vs Lithuania — MIXED Pool — European Ultimate Championships #EUC2023 [VIOlS4zZcfY].mp4,86134,NA,
1_Poland_Lithuania_Mixed,2025-05-02 16:07:56.825,The game of Poland against Lithuania in the mixed division.,2709.967,Media file(s),player #1:C:/Users/basti/Desktop/Emmie/Poland vs Lithuania — MIXED Pool — European Ultimate Championships #EUC2023 [VIOlS4zZcfY].mp4,0.0,6485.000,30.000,17,1,16,,Successful_pass,,RZ_Off,POINT,2873.033,C:/Users/basti/Desktop/Emmie/Poland vs Lithuania — MIXED Pool — European Ultimate Championships #EUC2023 [VIOlS4zZcfY].mp4,86191,NA,
1_Poland_Lithuania_Mixed,2025-05-02 16:07:56.825,The game of Poland against Lithuania in the mixed division.,2709.967,Media file(s),player #1:C:/Users/basti/Desktop/Emmie/Poland vs Lithuania — MIXED Pool — European Ultimate Championships #EUC2023 [VIOlS4zZcfY].mp4,0.0,6485.000,30.000,17,1,16,,Score,,,POINT,2874.767,C:/Users/basti/Desktop/Emmie/Poland vs Lithuania — MIXED Pool — European Ultimate Championships #EUC2023 [VIOlS4zZcfY].mp4,86243,NA,
1_Poland_Lithuania_Mixed,2025-05-02 16:07:56.825,The game of Poland against Lithuania in the mixed division.,2709.967,Media file(s),player #1:C:/Users/basti/Desktop/Emmie/Poland vs Lithuania — MIXED Pool — European Ultimate Championships #EUC2023 [VIOlS4zZcfY].mp4,0.0,6485.000,30.000,17,1,16,,Second half,,,STOP,2874.767,C:/Users/basti/Desktop/Emmie/Poland vs Lithuania — MIXED Pool — European Ultimate Championships #EUC2023 [VIOlS4zZcfY].mp4,86243,NA,
1_Poland_Lithuania_Mixed,2025-05-02 16:07:56.825,The game of Poland against Lithuania in the mixed division.,2709.967,Media file(s),player #1:C:/Users/basti/Desktop/Emmie/Poland vs Lithuania — MIXED Pool — European Ultimate Championships #EUC2023 [VIOlS4zZcfY].mp4,0.0,6485.000,30.000,17,1,16,,Time_on_offense_teamA,,,STOP,2874.767,C:/Users/basti/Desktop/Emmie/Poland vs Lithuania — MIXED Pool — European Ultimate Championships #EUC2023 [VIOlS4zZcfY].mp4,86243,NA,
